{"stats":{"minecraft:mined":{"minecraft:grass_block":13,"minecraft:dirt":5},"minecraft:used":{"minecraft:dirt":21,"minecraft:acacia_log":2,"minecraft:grass_block":14,"alexsmobs:animal_dictionary":1},"minecraft:picked_up":{"minecraft:dirt":18},"minecraft:killed":{"minecraft:skeleton":2,"minecraft:spider":1},"minecraft:custom":{"minecraft:open_barrel":1,"minecraft:time_since_rest":73445,"minecraft:open_chest":2,"minecraft:crouch_one_cm":327,"minecraft:play_one_minute":73445,"minecraft:sprint_one_cm":32508,"minecraft:damage_taken":20,"minecraft:walk_one_cm":76788,"minecraft:sneak_time":1222,"minecraft:walk_under_water_one_cm":3067,"minecraft:mob_kills":6,"minecraft:jump":339,"minecraft:damage_dealt":791,"minecraft:leave_game":8,"minecraft:walk_on_water_one_cm":1228,"minecraft:time_since_death":73445,"minecraft:swim_one_cm":2376,"minecraft:fall_one_cm":2136,"minecraft:fly_one_cm":552246}},"DataVersion":2586}