{"stats":{"minecraft:crafted":{"minecraft:oak_planks":20,"minecraft:crafting_table":1,"minecraft:stick":8,"minecraft:wooden_pickaxe":1,"minecraft:stone_pickaxe":1,"minecraft:wooden_axe":1,"minecraft:acacia_planks":72,"minecraft:torch":8},"minecraft:killed_by":{"minecraft:skeleton":1},"minecraft:mined":{"minecraft:acacia_leaves":2,"minecraft:iron_ore":6,"extcaves:mushroom_sweetshroom":1,"minecraft:crafting_table":2,"minecraft:grass":3,"minecraft:acacia_log":19,"minecraft:oak_log":5,"minecraft:grass_block":13,"minecraft:coal_ore":22,"minecraft:dirt":5,"minecraft:stone":9,"minecraft:oak_leaves":1},"minecraft:used":{"minecraft:wooden_axe":26,"minecraft:acacia_log":2,"minecraft:grass_block":14,"minecraft:stone_pickaxe":28,"minecraft:wooden_pickaxe":9,"minecraft:torch":7,"minecraft:dirt":21,"minecraft:crafting_table":2,"alexsmobs:animal_dictionary":1,"extcaves:mushroom_sweetshroom":1},"minecraft:picked_up":{"minecraft:wooden_axe":1,"minecraft:crafting_table":3,"minecraft:torch":3,"minecraft:acacia_log":18,"minecraft:oak_log":5,"extcaves:mushroom_sweetshroom":1,"alexsmobs:animal_dictionary":1,"minecraft:dirt":33,"minecraft:acacia_planks":72,"extcaves:pebble_sedimentstone":5,"minecraft:iron_ore":12,"minecraft:coal":42,"minecraft:cobblestone":13},"minecraft:killed":{"minecraft:skeleton":2,"minecraft:spider":1},"minecraft:custom":{"minecraft:time_since_rest":4083,"minecraft:sprint_one_cm":61991,"minecraft:damage_taken":115,"minecraft:walk_one_cm":111220,"minecraft:mob_kills":6,"minecraft:damage_dealt":801,"minecraft:swim_one_cm":2376,"minecraft:interact_with_crafting_table":5,"minecraft:fly_one_cm":659551,"minecraft:open_barrel":1,"minecraft:open_chest":4,"minecraft:play_one_minute":86964,"minecraft:crouch_one_cm":592,"minecraft:deaths":1,"minecraft:sneak_time":1502,"minecraft:walk_under_water_one_cm":3067,"minecraft:jump":397,"minecraft:leave_game":11,"minecraft:time_since_death":4034,"minecraft:walk_on_water_one_cm":1992,"minecraft:fall_one_cm":4737}},"DataVersion":2586}