{"stats":{"minecraft:mined":{"minecraft:grass_block":13,"minecraft:dirt":5},"minecraft:used":{"minecraft:dirt":21,"minecraft:acacia_log":2,"minecraft:grass_block":14,"alexsmobs:animal_dictionary":1},"minecraft:picked_up":{"minecraft:dirt":18},"minecraft:killed":{"minecraft:skeleton":2,"minecraft:spider":1},"minecraft:custom":{"minecraft:open_barrel":1,"minecraft:time_since_rest":61848,"minecraft:open_chest":2,"minecraft:crouch_one_cm":312,"minecraft:play_one_minute":61848,"minecraft:sprint_one_cm":32508,"minecraft:damage_taken":20,"minecraft:walk_one_cm":70187,"minecraft:sneak_time":1196,"minecraft:walk_under_water_one_cm":3067,"minecraft:mob_kills":5,"minecraft:jump":323,"minecraft:damage_dealt":671,"minecraft:leave_game":7,"minecraft:walk_on_water_one_cm":1228,"minecraft:time_since_death":61848,"minecraft:swim_one_cm":2376,"minecraft:fall_one_cm":2136,"minecraft:fly_one_cm":491171}},"DataVersion":2586}