{"stats":{"minecraft:used":{"alexsmobs:animal_dictionary":1,"minecraft:dirt":10},"minecraft:custom":{"minecraft:open_barrel":1,"minecraft:open_chest":1,"minecraft:time_since_rest":23621,"minecraft:damage_dealt":182,"minecraft:play_one_minute":23621,"minecraft:crouch_one_cm":312,"minecraft:damage_taken":20,"minecraft:leave_game":4,"minecraft:sprint_one_cm":24083,"minecraft:time_since_death":23621,"minecraft:walk_on_water_one_cm":845,"minecraft:walk_one_cm":35601,"minecraft:sneak_time":533,"minecraft:walk_under_water_one_cm":2992,"minecraft:mob_kills":2,"minecraft:swim_one_cm":2376,"minecraft:fall_one_cm":1449,"minecraft:fly_one_cm":245308,"minecraft:jump":192}},"DataVersion":2586}