{"stats":{"minecraft:crafted":{"minecraft:oak_planks":28,"minecraft:furnace":1,"minecraft:cooked_mutton":2,"nefdecomod:log_3rest":1,"minecraft:iron_boots":1,"expanded_combat:scythe_diamond":1,"minecraft:stone_pickaxe":3,"minecraft:chest":1,"minecraft:dark_oak_planks":12,"minecraft:wooden_shovel":1,"minecraft:diamond_sword":1,"minecraft:crafting_table":1,"minecraft:wooden_pickaxe":2,"minecraft:iron_helmet":1,"minecraft:iron_sword":2,"minecraft:bucket":1,"minecraft:acacia_stairs":4,"expanded_combat:battlestaff_wood":1,"minecraft:air":0,"minecraft:iron_chestplate":1,"minecraft:stick":28,"minecraft:iron_ingot":43,"minecraft:iron_pickaxe":1,"minecraft:wooden_axe":2,"minecraft:gold_ingot":9,"minecraft:iron_leggings":2,"minecraft:acacia_planks":288,"minecraft:torch":28},"minecraft:dropped":{"minecraft:iron_sword":3,"minecraft:iron_helmet":2,"minecraft:black_bed":1,"minecraft:apple":74,"biomesoplenty:black_sandstone":1,"nefdecomod:meal_01":1,"minecraft:wooden_axe":2,"minecraft:cut_sandstone":2,"minecraft:iron_leggings":2,"minecraft:iron_axe":2,"minecraft:iron_pickaxe":3,"minecraft:iron_boots":4,"minecraft:chainmail_chestplate":1,"minecraft:iron_chestplate":2,"nefdecomod:meal_02":1,"cataclysm:void_lantern_block":1,"minecraft:arrow":8,"minecraft:wooden_pickaxe":2,"minecraft:stone_pickaxe":1},"minecraft:killed":{"mowziesmobs:barakoan_barakoana":14,"guardvillagers:guard":1,"minecraft:spider":12,"minecraft:skeleton":11,"minecraft:silverfish":3,"minecraft:husk":7,"minecraft:creeper":1,"alexsmobs:emu":1,"minecraft:pillager":15,"minecraft:zombie":18,"alexsmobs:elephant":1,"mowziesmobs:barakoana":5,"alexsmobs:gazelle":3,"minecraft:cow":1},"minecraft:picked_up":{"minecraft:wooden_axe":8,"nefdecomod:jewels":1,"minecraft:crafting_table":5,"minecraft:iron_chestplate":12,"minecraft:chainmail_boots":6,"nefdecomod:oak_barrel":2,"minecraft:wooden_pickaxe":9,"nefdecomod:radish":4,"minecraft:gold_block":1,"minecraft:enchanted_book":2,"minecraft:shield":5,"nefdecomod:tequila_bottle":4,"alexsmobs:gazelle_horn":4,"nefdecomod:apples":6,"minecraft:string":38,"minecraft:red_bed":4,"minecraft:iron_leggings":11,"minecraft:compass":2,"minecraft:iron_shovel":2,"minecraft:experience_bottle":32,"minecraft:bucket":2,"minecraft:beef":20,"minecraft:redstone_torch":1,"minecraft:iron_nugget":214,"minecraft:wooden_shovel":1,"minecraft:poppy":5,"minecraft:iron_pickaxe":9,"minecraft:iron_boots":11,"minecraft:furnace":3,"minecraft:dark_oak_door":2,"minecraft:stick":38,"extcaves:dirtstone_cobble":18,"minecraft:torch":86,"minecraft:acacia_log":73,"minecraft:spruce_stairs":1,"extcaves:mushroom_sweetshroom":1,"expanded_combat:scythe_diamond":1,"minecraft:tnt":5,"minecraft:arrow":24,"minecraft:rotten_flesh":28,"extcaves:pebble_sedimentstone":70,"valhelsia_structures:brazier":1,"minecraft:hay_block":54,"minecraft:iron_block":3,"extcaves:pebble_stone":30,"farmersdelight:rope":18,"minecraft:saddle":2,"minecraft:gold_ingot":14,"nefdecomod:meal_01":2,"mowziesmobs:barakoa_mask_misery":1,"minecraft:mutton":2,"minecraft:iron_bars":1,"minecraft:skeleton_skull":1,"minecraft:white_wool":1,"minecraft:cobblestone":244,"minecraft:feather":2,"minecraft:tripwire_hook":2,"minecraft:water_bucket":8,"minecraft:black_bed":1,"minecraft:cut_sandstone":6,"minecraft:leather":3,"mowziesmobs:barakoa_mask_fury":6,"minecraft:flint":7,"waystones:sandy_waystone":1,"minecraft:oak_log":7,"minecraft:chainmail_chestplate":3,"minecraft:gunpowder":13,"minecraft:cobblestone_stairs":1,"minecraft:dirt":208,"minecraft:white_banner":4,"minecraft:leather_boots":1,"minecraft:cooked_mutton":3,"nefdecomod:log_3":1,"minecraft:bone":13,"minecraft:acacia_planks":212,"minecraft:apple":322,"minecraft:wheat_seeds":82,"minecraft:iron_ingot":106,"minecraft:stone_pickaxe":11,"minecraft:iron_ore":67,"minecraft:glowstone_dust":2,"minecraft:acacia_sapling":24,"minecraft:iron_sword":13,"nefdecomod:meal_02":2,"minecraft:book":75,"minecraft:dandelion":2,"minecraft:white_bed":2,"minecraft:acacia_stairs":1,"minecraft:dark_oak_log":4,"minecraft:spider_eye":16,"alexsmobs:animal_dictionary":11,"minecraft:diamond":23,"minecraft:lever":1,"minecraft:iron_helmet":10,"minecraft:crossbow":5,"minecraft:golden_apple":4,"minecraft:emerald":26,"minecraft:dark_oak_wood":4,"minecraft:coal":104},"minecraft:broken":{"minecraft:wooden_axe":1},"minecraft:mined":{"minecraft:dark_oak_planks":6,"minecraft:diamond_ore":3,"minecraft:white_bed":1,"minecraft:cobblestone_stairs":2,"minecraft:gray_stained_glass_pane":2,"minecraft:acacia_log":74,"minecraft:grass_block":80,"minecraft:infested_cobblestone":1,"nefdecomod:cod":1,"minecraft:redstone_wire":1,"minecraft:spawner":3,"nefdecomod:meal_02":1,"minecraft:hay_block":14,"extcaves:oldstone":2,"minecraft:furnace":1,"minecraft:iron_ore":41,"nefdecomod:wild_nopal":1,"nefdecomod:barrel_apples":1,"minecraft:gold_block":1,"nefdecomod:meal_01":1,"minecraft:bookshelf":5,"minecraft:iron_bars":1,"nefdecomod:apples":7,"minecraft:stone":40,"minecraft:iron_block":1,"minecraft:piston_head":1,"minecraft:cut_sandstone":1,"minecraft:acacia_leaves":12,"minecraft:red_bed":2,"minecraft:infested_stone_bricks":1,"minecraft:dandelion":1,"minecraft:crafting_table":3,"minecraft:torch":2,"nefdecomod:wild_radish":4,"minecraft:poppy":1,"minecraft:tall_grass":4,"minecraft:cobblestone":18,"minecraft:bricks":4,"minecraft:wall_torch":1,"valhelsia_structures:brazier":1,"minecraft:skeleton_skull":1,"minecraft:spruce_stairs":1,"minecraft:acacia_sapling":2,"minecraft:dark_oak_door":2,"nefdecomod:joyas":1,"extcaves:mushroom_sweetshroom":1,"minecraft:tnt":1,"minecraft:stone_brick_stairs":1,"minecraft:white_wall_banner":1,"minecraft:grass":81,"minecraft:infested_mossy_stone_bricks":1,"minecraft:oak_log":7,"minecraft:coal_ore":25,"minecraft:dirt":27,"minecraft:cobweb":1,"minecraft:acacia_planks":30,"minecraft:oak_leaves":1},"minecraft:custom":{"minecraft:mob_kills":97,"minecraft:interact_with_crafting_table":41,"minecraft:open_barrel":13,"minecraft:leave_game":21,"minecraft:time_since_death":42702,"minecraft:climb_one_cm":3253,"minecraft:damage_resisted":149,"minecraft:sprint_one_cm":388156,"minecraft:walk_one_cm":641775,"minecraft:damage_blocked_by_shield":245,"minecraft:drop":44,"minecraft:deaths":12,"minecraft:sneak_time":5416,"minecraft:walk_under_water_one_cm":8023,"minecraft:jump":3292,"minecraft:walk_on_water_one_cm":40173,"minecraft:interact_with_furnace":35,"minecraft:play_one_minute":320937,"minecraft:sleep_in_bed":13,"minecraft:time_since_rest":8008,"minecraft:waystone_activated":1,"minecraft:damage_taken":4165,"minecraft:trigger_trapped_chest":3,"minecraft:damage_dealt":17518,"minecraft:player_kills":12,"minecraft:swim_one_cm":3458,"minecraft:fly_one_cm":2336032,"minecraft:open_chest":35,"minecraft:crouch_one_cm":2363,"minecraft:interact_with_smoker":1,"minecraft:fall_one_cm":69571,"minecraft:inspect_dispenser":1},"minecraft:killed_by":{"minecraft:creeper":1,"minecraft:skeleton":4,"minecraft:zombie":1,"guardvillagers:guard":1,"mowziesmobs:barakoana":1},"minecraft:used":{"minecraft:iron_bars":1,"minecraft:acacia_log":2,"minecraft:chest":1,"minecraft:shield":11,"minecraft:iron_sword":291,"minecraft:wooden_shovel":45,"minecraft:cooked_chicken":1,"minecraft:torch":32,"minecraft:dirt":335,"minecraft:acacia_sapling":7,"biomesoplenty:black_sandstone":216,"minecraft:wooden_axe":99,"nefdecomod:radish":4,"minecraft:grass_block":18,"minecraft:furnace":2,"minecraft:skeleton_skull":1,"minecraft:acacia_planks":255,"expanded_combat:scythe_diamond":59,"cataclysm:void_lantern_block":9,"minecraft:cooked_mutton":2,"minecraft:water_bucket":32,"minecraft:cobblestone_stairs":1,"nefdecomod:apples":6,"minecraft:stone_pickaxe":97,"minecraft:wooden_pickaxe":14,"minecraft:cut_sandstone":1,"minecraft:crafting_table":4,"minecraft:red_bed":2,"nefdecomod:meal_01":1,"minecraft:crossbow":2,"minecraft:white_bed":3,"extcaves:mushroom_sweetshroom":1,"minecraft:black_bed":5,"minecraft:lever":1,"minecraft:acacia_stairs":4,"minecraft:apple":44,"minecraft:iron_pickaxe":46,"nefdecomod:log_3rest":1,"minecraft:gravel":8,"minecraft:cobblestone":32,"minecraft:white_banner":2,"minecraft:bucket":33,"alexsmobs:animal_dictionary":1}},"DataVersion":2586}