{"stats":{"minecraft:crafted":{"minecraft:oak_planks":20,"minecraft:iron_boots":1,"minecraft:iron_chestplate":1,"minecraft:crafting_table":1,"minecraft:stick":12,"minecraft:iron_leggings":1,"minecraft:iron_helmet":1,"minecraft:iron_ingot":26,"minecraft:wooden_pickaxe":1,"minecraft:stone_pickaxe":2,"minecraft:wooden_axe":1,"minecraft:iron_sword":1,"minecraft:furnace":1,"minecraft:acacia_planks":72,"minecraft:torch":12,"minecraft:air":0},"minecraft:killed_by":{"minecraft:skeleton":2},"minecraft:mined":{"extcaves:oldstone":2,"minecraft:acacia_leaves":2,"minecraft:furnace":1,"minecraft:iron_ore":40,"extcaves:mushroom_sweetshroom":1,"minecraft:crafting_table":3,"minecraft:grass":3,"minecraft:acacia_log":19,"minecraft:oak_log":5,"minecraft:grass_block":13,"minecraft:coal_ore":25,"minecraft:dirt":5,"minecraft:stone":24,"minecraft:oak_leaves":1},"minecraft:used":{"minecraft:wooden_axe":27,"minecraft:acacia_log":2,"minecraft:grass_block":14,"minecraft:stone_pickaxe":83,"minecraft:wooden_pickaxe":9,"minecraft:torch":10,"minecraft:dirt":27,"minecraft:crafting_table":3,"minecraft:furnace":1,"alexsmobs:animal_dictionary":1,"extcaves:mushroom_sweetshroom":1},"minecraft:picked_up":{"minecraft:wooden_axe":1,"extcaves:dirtstone_cobble":2,"minecraft:crafting_table":4,"minecraft:torch":3,"minecraft:acacia_log":18,"minecraft:oak_log":5,"extcaves:mushroom_sweetshroom":1,"alexsmobs:animal_dictionary":1,"minecraft:dirt":33,"minecraft:acacia_planks":72,"extcaves:pebble_sedimentstone":10,"minecraft:iron_ingot":1,"extcaves:pebble_stone":5,"minecraft:iron_ore":53,"minecraft:coal":54,"minecraft:cobblestone":33,"minecraft:furnace":1},"minecraft:killed":{"minecraft:skeleton":2,"minecraft:spider":1},"minecraft:custom":{"minecraft:time_since_rest":551,"minecraft:interact_with_furnace":23,"minecraft:sprint_one_cm":68573,"minecraft:damage_taken":178,"minecraft:walk_one_cm":123691,"minecraft:mob_kills":6,"minecraft:damage_dealt":801,"minecraft:swim_one_cm":2376,"minecraft:interact_with_crafting_table":18,"minecraft:fly_one_cm":662841,"minecraft:open_barrel":1,"minecraft:open_chest":4,"minecraft:play_one_minute":96577,"minecraft:crouch_one_cm":793,"minecraft:deaths":2,"minecraft:sneak_time":1797,"minecraft:walk_under_water_one_cm":3067,"minecraft:jump":456,"minecraft:leave_game":12,"minecraft:time_since_death":441,"minecraft:walk_on_water_one_cm":1992,"minecraft:fall_one_cm":5814}},"DataVersion":2586}