{"stats":{"minecraft:broken":{"minecraft:wooden_axe":1},"minecraft:mined":{"minecraft:diamond_ore":3,"minecraft:acacia_leaves":12,"minecraft:red_bed":1,"minecraft:crafting_table":3,"minecraft:torch":2,"minecraft:acacia_log":65,"minecraft:grass_block":77,"nefdecomod:wild_radish":4,"minecraft:poppy":1,"minecraft:wall_torch":1,"minecraft:spawner":1,"nefdecomod:meal_02":1,"minecraft:hay_block":6,"extcaves:oldstone":2,"minecraft:acacia_sapling":2,"minecraft:furnace":1,"minecraft:iron_ore":41,"extcaves:mushroom_sweetshroom":1,"nefdecomod:barrel_apples":1,"minecraft:grass":11,"minecraft:oak_log":5,"minecraft:coal_ore":25,"minecraft:dirt":10,"nefdecomod:apples":7,"minecraft:acacia_planks":27,"minecraft:stone":39,"minecraft:oak_leaves":1},"minecraft:dropped":{"minecraft:wooden_pickaxe":1,"minecraft:stone_pickaxe":1,"minecraft:iron_pickaxe":1},"minecraft:crafted":{"minecraft:oak_planks":20,"minecraft:wooden_shovel":1,"minecraft:crafting_table":1,"minecraft:wooden_pickaxe":2,"minecraft:iron_helmet":1,"minecraft:iron_sword":2,"minecraft:furnace":1,"minecraft:bucket":1,"minecraft:cooked_mutton":2,"minecraft:air":0,"minecraft:iron_boots":1,"minecraft:iron_chestplate":1,"minecraft:stick":28,"minecraft:iron_ingot":40,"minecraft:iron_pickaxe":1,"minecraft:stone_pickaxe":3,"minecraft:wooden_axe":2,"minecraft:chest":1,"minecraft:iron_leggings":1,"minecraft:acacia_planks":256,"minecraft:torch":28},"minecraft:killed_by":{"minecraft:skeleton":2,"minecraft:zombie":1},"minecraft:used":{"minecraft:cooked_mutton":2,"minecraft:water_bucket":12,"minecraft:acacia_log":2,"nefdecomod:apples":6,"minecraft:stone_pickaxe":92,"minecraft:chest":1,"minecraft:wooden_pickaxe":14,"minecraft:iron_sword":51,"minecraft:wooden_shovel":45,"minecraft:torch":24,"minecraft:dirt":105,"minecraft:crafting_table":4,"minecraft:white_bed":1,"minecraft:crossbow":2,"extcaves:mushroom_sweetshroom":1,"minecraft:acacia_sapling":7,"minecraft:wooden_axe":90,"nefdecomod:radish":4,"minecraft:grass_block":14,"minecraft:iron_pickaxe":9,"minecraft:cobblestone":7,"minecraft:furnace":2,"minecraft:bucket":13,"alexsmobs:animal_dictionary":1,"minecraft:acacia_planks":244},"minecraft:picked_up":{"minecraft:wooden_axe":4,"minecraft:crafting_table":5,"minecraft:iron_chestplate":6,"minecraft:feather":2,"nefdecomod:oak_barrel":1,"minecraft:tripwire_hook":1,"minecraft:water_bucket":4,"mowziesmobs:barakoa_mask_fury":3,"minecraft:wooden_pickaxe":6,"nefdecomod:radish":4,"minecraft:flint":6,"minecraft:oak_log":5,"minecraft:red_bed":1,"nefdecomod:apples":6,"minecraft:dirt":116,"alexsmobs:gazelle_horn":4,"minecraft:string":26,"minecraft:iron_leggings":6,"minecraft:cooked_mutton":3,"minecraft:bone":4,"minecraft:acacia_planks":169,"minecraft:apple":63,"minecraft:wheat_seeds":52,"minecraft:bucket":1,"minecraft:iron_ingot":76,"minecraft:stone_pickaxe":6,"minecraft:iron_ore":67,"minecraft:iron_nugget":145,"minecraft:wooden_shovel":1,"minecraft:poppy":5,"minecraft:iron_pickaxe":6,"minecraft:acacia_sapling":15,"minecraft:iron_sword":5,"nefdecomod:meal_02":1,"minecraft:furnace":2,"minecraft:iron_boots":6,"minecraft:stick":12,"extcaves:dirtstone_cobble":16,"minecraft:torch":62,"minecraft:acacia_log":65,"extcaves:mushroom_sweetshroom":1,"minecraft:spider_eye":12,"alexsmobs:animal_dictionary":7,"minecraft:arrow":16,"extcaves:pebble_sedimentstone":70,"minecraft:diamond":19,"minecraft:hay_block":4,"minecraft:iron_helmet":5,"minecraft:crossbow":4,"extcaves:pebble_stone":30,"minecraft:emerald":10,"minecraft:mutton":2,"minecraft:coal":92,"minecraft:cobblestone":173},"minecraft:killed":{"minecraft:spider":9,"minecraft:skeleton":3,"minecraft:pillager":1,"minecraft:zombie":2,"mowziesmobs:barakoana":1,"alexsmobs:gazelle":3},"minecraft:custom":{"minecraft:interact_with_furnace":34,"minecraft:mob_kills":22,"minecraft:interact_with_crafting_table":33,"minecraft:open_barrel":3,"minecraft:play_one_minute":152055,"minecraft:leave_game":14,"minecraft:time_since_death":4123,"minecraft:sleep_in_bed":2,"minecraft:climb_one_cm":530,"minecraft:time_since_rest":4156,"minecraft:sprint_one_cm":163379,"minecraft:damage_taken":1457,"minecraft:walk_one_cm":294462,"minecraft:drop":3,"minecraft:damage_dealt":3054,"minecraft:swim_one_cm":2376,"minecraft:fly_one_cm":820095,"minecraft:open_chest":10,"minecraft:crouch_one_cm":1061,"minecraft:deaths":7,"minecraft:sneak_time":2100,"minecraft:walk_under_water_one_cm":4674,"minecraft:jump":1298,"minecraft:walk_on_water_one_cm":12306,"minecraft:interact_with_smoker":1,"minecraft:fall_one_cm":28519}},"DataVersion":2586}