{"stats":{"minecraft:broken":{"minecraft:wooden_axe":1},"minecraft:mined":{"minecraft:diamond_ore":3,"minecraft:cobblestone_stairs":1,"minecraft:gray_stained_glass_pane":2,"minecraft:acacia_log":65,"minecraft:grass_block":77,"minecraft:infested_cobblestone":1,"minecraft:redstone_wire":1,"minecraft:spawner":2,"nefdecomod:meal_02":1,"minecraft:hay_block":14,"extcaves:oldstone":2,"minecraft:furnace":1,"minecraft:iron_ore":41,"nefdecomod:barrel_apples":1,"minecraft:gold_block":1,"nefdecomod:meal_01":1,"minecraft:bookshelf":5,"minecraft:iron_bars":1,"nefdecomod:apples":7,"minecraft:stone":39,"minecraft:piston_head":1,"minecraft:cut_sandstone":1,"minecraft:acacia_leaves":12,"minecraft:red_bed":2,"minecraft:crafting_table":3,"minecraft:torch":2,"nefdecomod:wild_radish":4,"minecraft:poppy":1,"minecraft:cobblestone":11,"minecraft:bricks":4,"minecraft:wall_torch":1,"valhelsia_structures:brazier":1,"minecraft:spruce_stairs":1,"minecraft:acacia_sapling":2,"nefdecomod:joyas":1,"extcaves:mushroom_sweetshroom":1,"minecraft:infested_mossy_stone_bricks":1,"minecraft:grass":11,"minecraft:coal_ore":25,"minecraft:oak_log":7,"minecraft:dirt":10,"minecraft:cobweb":1,"minecraft:acacia_planks":27,"minecraft:oak_leaves":1},"minecraft:dropped":{"nefdecomod:meal_01":1,"minecraft:cut_sandstone":2,"minecraft:iron_pickaxe":1,"minecraft:chainmail_chestplate":1,"nefdecomod:meal_02":1,"minecraft:arrow":4,"minecraft:stone_pickaxe":1,"minecraft:wooden_pickaxe":1},"minecraft:crafted":{"minecraft:oak_planks":20,"minecraft:furnace":1,"minecraft:cooked_mutton":2,"minecraft:iron_boots":1,"minecraft:stone_pickaxe":3,"minecraft:chest":1,"minecraft:wooden_shovel":1,"minecraft:crafting_table":1,"minecraft:wooden_pickaxe":2,"minecraft:iron_helmet":1,"minecraft:iron_sword":2,"minecraft:bucket":1,"minecraft:air":0,"minecraft:iron_chestplate":1,"minecraft:stick":28,"minecraft:iron_ingot":41,"minecraft:iron_pickaxe":1,"minecraft:wooden_axe":2,"minecraft:gold_ingot":9,"minecraft:iron_leggings":1,"minecraft:acacia_planks":256,"minecraft:torch":28},"minecraft:killed_by":{"minecraft:skeleton":3,"minecraft:zombie":1,"guardvillagers:guard":1},"minecraft:used":{"minecraft:acacia_log":2,"minecraft:chest":1,"minecraft:shield":1,"minecraft:iron_sword":120,"minecraft:wooden_shovel":45,"minecraft:cooked_chicken":1,"minecraft:torch":24,"minecraft:dirt":105,"minecraft:acacia_sapling":7,"minecraft:wooden_axe":99,"nefdecomod:radish":4,"minecraft:grass_block":14,"minecraft:furnace":2,"minecraft:acacia_planks":244,"minecraft:cooked_mutton":2,"minecraft:water_bucket":17,"nefdecomod:apples":6,"minecraft:stone_pickaxe":92,"minecraft:wooden_pickaxe":14,"minecraft:cut_sandstone":1,"minecraft:crafting_table":4,"minecraft:red_bed":1,"nefdecomod:meal_01":1,"minecraft:crossbow":2,"minecraft:white_bed":1,"extcaves:mushroom_sweetshroom":1,"minecraft:apple":11,"minecraft:iron_pickaxe":35,"minecraft:cobblestone":24,"minecraft:bucket":18,"alexsmobs:animal_dictionary":1},"minecraft:picked_up":{"minecraft:wooden_axe":5,"nefdecomod:jewels":1,"minecraft:iron_chestplate":7,"minecraft:crafting_table":5,"nefdecomod:oak_barrel":2,"minecraft:wooden_pickaxe":7,"nefdecomod:radish":4,"minecraft:gold_block":1,"minecraft:shield":1,"alexsmobs:gazelle_horn":4,"minecraft:string":37,"nefdecomod:apples":6,"minecraft:red_bed":2,"minecraft:iron_leggings":7,"minecraft:bucket":1,"minecraft:wooden_shovel":1,"minecraft:iron_nugget":174,"minecraft:poppy":5,"minecraft:iron_pickaxe":7,"minecraft:iron_boots":7,"minecraft:furnace":2,"minecraft:stick":17,"extcaves:dirtstone_cobble":18,"minecraft:torch":70,"minecraft:acacia_log":65,"minecraft:spruce_stairs":1,"extcaves:mushroom_sweetshroom":1,"minecraft:arrow":20,"extcaves:pebble_sedimentstone":70,"valhelsia_structures:brazier":1,"minecraft:hay_block":26,"extcaves:pebble_stone":30,"nefdecomod:meal_01":2,"minecraft:mutton":2,"minecraft:cobblestone":194,"minecraft:feather":2,"minecraft:tripwire_hook":2,"minecraft:water_bucket":5,"minecraft:cut_sandstone":6,"mowziesmobs:barakoa_mask_fury":4,"minecraft:flint":7,"waystones:sandy_waystone":1,"minecraft:oak_log":5,"minecraft:chainmail_chestplate":1,"minecraft:dirt":116,"minecraft:cooked_mutton":3,"minecraft:bone":6,"minecraft:acacia_planks":169,"minecraft:apple":123,"minecraft:wheat_seeds":56,"minecraft:iron_ingot":77,"minecraft:stone_pickaxe":7,"minecraft:iron_ore":67,"minecraft:glowstone_dust":2,"minecraft:iron_sword":7,"minecraft:acacia_sapling":18,"minecraft:book":15,"nefdecomod:meal_02":2,"alexsmobs:animal_dictionary":8,"minecraft:spider_eye":14,"minecraft:diamond":19,"minecraft:iron_helmet":6,"minecraft:crossbow":4,"minecraft:emerald":12,"minecraft:coal":96},"minecraft:killed":{"guardvillagers:guard":1,"minecraft:spider":10,"minecraft:skeleton":6,"minecraft:husk":7,"minecraft:pillager":1,"minecraft:zombie":8,"mowziesmobs:barakoana":1,"alexsmobs:gazelle":3},"minecraft:custom":{"minecraft:mob_kills":40,"minecraft:interact_with_crafting_table":34,"minecraft:open_barrel":10,"minecraft:leave_game":14,"minecraft:time_since_death":1339,"minecraft:climb_one_cm":2581,"minecraft:sprint_one_cm":220255,"minecraft:walk_one_cm":356779,"minecraft:damage_blocked_by_shield":25,"minecraft:drop":8,"minecraft:deaths":9,"minecraft:sneak_time":2595,"minecraft:walk_under_water_one_cm":4749,"minecraft:jump":1790,"minecraft:walk_on_water_one_cm":13755,"minecraft:interact_with_furnace":34,"minecraft:play_one_minute":176055,"minecraft:sleep_in_bed":3,"minecraft:time_since_rest":1422,"minecraft:waystone_activated":1,"minecraft:damage_taken":2213,"minecraft:trigger_trapped_chest":2,"minecraft:damage_dealt":7213,"minecraft:swim_one_cm":2376,"minecraft:fly_one_cm":1088684,"minecraft:open_chest":23,"minecraft:crouch_one_cm":1634,"minecraft:interact_with_smoker":1,"minecraft:fall_one_cm":40002,"minecraft:inspect_dispenser":1}},"DataVersion":2586}