{"stats":{"minecraft:broken":{"minecraft:wooden_axe":1},"minecraft:mined":{"minecraft:diamond_ore":3,"minecraft:acacia_leaves":11,"minecraft:crafting_table":3,"minecraft:torch":2,"minecraft:acacia_log":47,"minecraft:grass_block":66,"nefdecomod:wild_radish":4,"minecraft:poppy":1,"minecraft:wall_torch":1,"minecraft:spawner":1,"extcaves:oldstone":2,"minecraft:acacia_sapling":2,"minecraft:furnace":1,"minecraft:iron_ore":41,"extcaves:mushroom_sweetshroom":1,"minecraft:grass":10,"minecraft:oak_log":5,"minecraft:coal_ore":25,"minecraft:dirt":9,"minecraft:acacia_planks":22,"minecraft:stone":39,"minecraft:oak_leaves":1},"minecraft:dropped":{"minecraft:wooden_pickaxe":1,"minecraft:stone_pickaxe":1,"minecraft:iron_pickaxe":1},"minecraft:crafted":{"minecraft:oak_planks":20,"minecraft:wooden_shovel":1,"minecraft:crafting_table":1,"minecraft:wooden_pickaxe":2,"minecraft:iron_helmet":1,"minecraft:iron_sword":2,"minecraft:furnace":1,"minecraft:bucket":1,"minecraft:cooked_mutton":2,"minecraft:air":0,"minecraft:iron_boots":1,"minecraft:iron_chestplate":1,"minecraft:stick":28,"minecraft:iron_ingot":40,"minecraft:iron_pickaxe":1,"minecraft:stone_pickaxe":3,"minecraft:wooden_axe":2,"minecraft:iron_leggings":1,"minecraft:acacia_planks":180,"minecraft:torch":28},"minecraft:killed_by":{"minecraft:skeleton":2,"minecraft:zombie":1},"minecraft:used":{"minecraft:cooked_mutton":2,"minecraft:water_bucket":8,"minecraft:acacia_log":2,"minecraft:stone_pickaxe":92,"minecraft:wooden_pickaxe":14,"minecraft:iron_sword":45,"minecraft:wooden_shovel":45,"minecraft:torch":23,"minecraft:dirt":91,"minecraft:crafting_table":4,"minecraft:white_bed":1,"minecraft:crossbow":2,"extcaves:mushroom_sweetshroom":1,"minecraft:acacia_sapling":2,"minecraft:wooden_axe":64,"nefdecomod:radish":4,"minecraft:grass_block":14,"minecraft:iron_pickaxe":9,"minecraft:furnace":2,"minecraft:bucket":8,"alexsmobs:animal_dictionary":1,"minecraft:acacia_planks":185},"minecraft:picked_up":{"minecraft:wooden_axe":2,"minecraft:crafting_table":5,"minecraft:iron_chestplate":4,"minecraft:feather":2,"minecraft:water_bucket":3,"mowziesmobs:barakoa_mask_fury":1,"minecraft:wooden_pickaxe":4,"nefdecomod:radish":4,"minecraft:flint":4,"minecraft:oak_log":5,"minecraft:dirt":102,"alexsmobs:gazelle_horn":4,"minecraft:string":14,"minecraft:iron_leggings":4,"minecraft:cooked_mutton":3,"minecraft:acacia_planks":164,"minecraft:wheat_seeds":24,"minecraft:iron_ingot":58,"minecraft:stone_pickaxe":4,"minecraft:iron_ore":67,"minecraft:iron_nugget":87,"minecraft:wooden_shovel":1,"minecraft:poppy":4,"minecraft:iron_pickaxe":4,"minecraft:acacia_sapling":4,"minecraft:iron_sword":3,"minecraft:furnace":2,"minecraft:iron_boots":4,"minecraft:stick":6,"extcaves:dirtstone_cobble":12,"minecraft:torch":45,"minecraft:acacia_log":46,"extcaves:mushroom_sweetshroom":1,"minecraft:spider_eye":6,"alexsmobs:animal_dictionary":5,"minecraft:arrow":12,"extcaves:pebble_sedimentstone":60,"minecraft:diamond":15,"minecraft:iron_helmet":4,"minecraft:crossbow":4,"extcaves:pebble_stone":25,"minecraft:emerald":6,"minecraft:mutton":2,"minecraft:coal":84,"minecraft:cobblestone":132},"minecraft:killed":{"minecraft:spider":9,"minecraft:skeleton":2,"minecraft:pillager":1,"minecraft:zombie":2,"mowziesmobs:barakoana":1,"alexsmobs:gazelle":3},"minecraft:custom":{"minecraft:interact_with_furnace":34,"minecraft:mob_kills":21,"minecraft:interact_with_crafting_table":31,"minecraft:open_barrel":1,"minecraft:play_one_minute":140055,"minecraft:leave_game":14,"minecraft:time_since_death":73,"minecraft:sleep_in_bed":2,"minecraft:time_since_rest":126,"minecraft:sprint_one_cm":137733,"minecraft:damage_taken":1148,"minecraft:walk_one_cm":262717,"minecraft:drop":3,"minecraft:damage_dealt":2881,"minecraft:swim_one_cm":2376,"minecraft:fly_one_cm":783999,"minecraft:open_chest":5,"minecraft:crouch_one_cm":1003,"minecraft:deaths":6,"minecraft:sneak_time":2030,"minecraft:walk_under_water_one_cm":4615,"minecraft:jump":1098,"minecraft:walk_on_water_one_cm":7007,"minecraft:fall_one_cm":21864}},"DataVersion":2586}