{"stats":{"minecraft:mined":{"minecraft:diamond_ore":3,"minecraft:cobblestone_stairs":2,"minecraft:gray_stained_glass_pane":2,"minecraft:acacia_log":65,"minecraft:grass_block":77,"minecraft:infested_cobblestone":1,"minecraft:redstone_wire":1,"minecraft:spawner":3,"nefdecomod:meal_02":1,"minecraft:hay_block":14,"extcaves:oldstone":2,"minecraft:furnace":1,"minecraft:iron_ore":41,"nefdecomod:barrel_apples":1,"minecraft:gold_block":1,"nefdecomod:meal_01":1,"minecraft:bookshelf":5,"minecraft:iron_bars":1,"nefdecomod:apples":7,"minecraft:stone":40,"minecraft:piston_head":1,"minecraft:cut_sandstone":1,"minecraft:acacia_leaves":12,"minecraft:red_bed":2,"minecraft:infested_stone_bricks":1,"minecraft:crafting_table":3,"minecraft:torch":2,"nefdecomod:wild_radish":4,"minecraft:poppy":1,"minecraft:cobblestone":17,"minecraft:bricks":4,"minecraft:wall_torch":1,"valhelsia_structures:brazier":1,"minecraft:skeleton_skull":1,"minecraft:spruce_stairs":1,"minecraft:acacia_sapling":2,"nefdecomod:joyas":1,"extcaves:mushroom_sweetshroom":1,"minecraft:tnt":1,"minecraft:stone_brick_stairs":1,"minecraft:infested_mossy_stone_bricks":1,"minecraft:grass":12,"minecraft:oak_log":7,"minecraft:coal_ore":25,"minecraft:dirt":10,"minecraft:cobweb":1,"minecraft:acacia_planks":27,"minecraft:oak_leaves":1},"minecraft:picked_up":{"minecraft:wooden_axe":7,"nefdecomod:jewels":1,"minecraft:iron_chestplate":9,"minecraft:crafting_table":5,"minecraft:chainmail_boots":4,"nefdecomod:oak_barrel":2,"minecraft:wooden_pickaxe":8,"nefdecomod:radish":4,"minecraft:gold_block":1,"minecraft:shield":3,"nefdecomod:tequila_bottle":4,"alexsmobs:gazelle_horn":4,"minecraft:string":37,"nefdecomod:apples":6,"minecraft:red_bed":4,"minecraft:iron_leggings":9,"minecraft:iron_shovel":2,"minecraft:compass":2,"minecraft:experience_bottle":16,"minecraft:bucket":2,"minecraft:beef":16,"minecraft:redstone_torch":1,"minecraft:iron_nugget":214,"minecraft:wooden_shovel":1,"minecraft:poppy":5,"minecraft:iron_pickaxe":9,"minecraft:furnace":2,"minecraft:iron_boots":10,"minecraft:stick":27,"extcaves:dirtstone_cobble":18,"minecraft:torch":86,"minecraft:acacia_log":65,"minecraft:spruce_stairs":1,"extcaves:mushroom_sweetshroom":1,"minecraft:tnt":5,"minecraft:arrow":24,"minecraft:rotten_flesh":27,"extcaves:pebble_sedimentstone":70,"valhelsia_structures:brazier":1,"minecraft:hay_block":54,"extcaves:pebble_stone":30,"farmersdelight:rope":18,"minecraft:saddle":2,"minecraft:gold_ingot":14,"nefdecomod:meal_01":2,"minecraft:mutton":2,"minecraft:iron_bars":1,"minecraft:skeleton_skull":1,"minecraft:cobblestone":219,"minecraft:feather":2,"minecraft:tripwire_hook":2,"minecraft:water_bucket":6,"minecraft:black_bed":1,"minecraft:cut_sandstone":6,"mowziesmobs:barakoa_mask_fury":6,"minecraft:flint":7,"waystones:sandy_waystone":1,"minecraft:oak_log":5,"minecraft:chainmail_chestplate":3,"minecraft:cobblestone_stairs":1,"minecraft:dirt":116,"minecraft:leather_boots":1,"minecraft:cooked_mutton":3,"minecraft:bone":11,"minecraft:acacia_planks":169,"minecraft:apple":225,"minecraft:wheat_seeds":56,"minecraft:iron_ingot":92,"minecraft:stone_pickaxe":9,"minecraft:iron_ore":67,"minecraft:glowstone_dust":2,"minecraft:acacia_sapling":24,"minecraft:iron_sword":12,"minecraft:book":45,"nefdecomod:meal_02":2,"alexsmobs:animal_dictionary":10,"minecraft:spider_eye":16,"minecraft:diamond":21,"minecraft:lever":1,"minecraft:iron_helmet":8,"minecraft:crossbow":4,"minecraft:golden_apple":2,"minecraft:emerald":26,"minecraft:coal":104},"minecraft:killed":{"guardvillagers:guard":1,"minecraft:spider":10,"minecraft:skeleton":10,"minecraft:silverfish":3,"minecraft:husk":7,"minecraft:pillager":1,"minecraft:zombie":16,"mowziesmobs:barakoana":1,"alexsmobs:gazelle":3},"minecraft:killed_by":{"minecraft:skeleton":4,"minecraft:zombie":1,"guardvillagers:guard":1},"minecraft:custom":{"minecraft:mob_kills":55,"minecraft:interact_with_crafting_table":34,"minecraft:open_barrel":10,"minecraft:leave_game":15,"minecraft:time_since_death":40918,"minecraft:climb_one_cm":3253,"minecraft:sprint_one_cm":237628,"minecraft:walk_one_cm":424196,"minecraft:damage_blocked_by_shield":25,"minecraft:drop":14,"minecraft:deaths":10,"minecraft:sneak_time":3152,"minecraft:walk_under_water_one_cm":5581,"minecraft:jump":1950,"minecraft:walk_on_water_one_cm":34394,"minecraft:interact_with_furnace":34,"minecraft:play_one_minute":219687,"minecraft:sleep_in_bed":3,"minecraft:time_since_rest":40965,"minecraft:waystone_activated":1,"minecraft:damage_taken":2708,"minecraft:trigger_trapped_chest":3,"minecraft:damage_dealt":9702,"minecraft:player_kills":1,"minecraft:swim_one_cm":2376,"minecraft:fly_one_cm":1607384,"minecraft:open_chest":24,"minecraft:crouch_one_cm":1699,"minecraft:interact_with_smoker":1,"minecraft:fall_one_cm":40211,"minecraft:inspect_dispenser":1},"minecraft:crafted":{"minecraft:oak_planks":20,"minecraft:furnace":1,"minecraft:cooked_mutton":2,"minecraft:iron_boots":1,"minecraft:stone_pickaxe":3,"minecraft:chest":1,"minecraft:wooden_shovel":1,"minecraft:crafting_table":1,"minecraft:wooden_pickaxe":2,"minecraft:iron_helmet":1,"minecraft:iron_sword":2,"minecraft:bucket":1,"minecraft:air":0,"minecraft:iron_chestplate":1,"minecraft:stick":28,"minecraft:iron_ingot":41,"minecraft:iron_pickaxe":1,"minecraft:wooden_axe":2,"minecraft:gold_ingot":9,"minecraft:iron_leggings":1,"minecraft:acacia_planks":256,"minecraft:torch":28},"minecraft:used":{"minecraft:iron_bars":1,"minecraft:acacia_log":2,"minecraft:chest":1,"minecraft:shield":1,"minecraft:iron_sword":179,"minecraft:wooden_shovel":45,"minecraft:cooked_chicken":1,"minecraft:torch":32,"minecraft:dirt":121,"minecraft:acacia_sapling":7,"biomesoplenty:black_sandstone":216,"minecraft:wooden_axe":99,"nefdecomod:radish":4,"minecraft:grass_block":18,"minecraft:furnace":2,"minecraft:skeleton_skull":1,"minecraft:acacia_planks":244,"cataclysm:void_lantern_block":9,"minecraft:cooked_mutton":2,"minecraft:water_bucket":20,"minecraft:cobblestone_stairs":1,"nefdecomod:apples":6,"minecraft:stone_pickaxe":95,"minecraft:wooden_pickaxe":14,"minecraft:cut_sandstone":1,"minecraft:crafting_table":4,"minecraft:red_bed":2,"nefdecomod:meal_01":1,"minecraft:crossbow":2,"minecraft:white_bed":1,"extcaves:mushroom_sweetshroom":1,"minecraft:black_bed":2,"minecraft:lever":1,"minecraft:apple":15,"minecraft:iron_pickaxe":43,"minecraft:gravel":8,"minecraft:cobblestone":27,"minecraft:bucket":20,"alexsmobs:animal_dictionary":1},"minecraft:broken":{"minecraft:wooden_axe":1},"minecraft:dropped":{"minecraft:iron_sword":1,"minecraft:black_bed":1,"nefdecomod:meal_01":1,"minecraft:wooden_axe":1,"minecraft:cut_sandstone":2,"minecraft:iron_pickaxe":1,"minecraft:iron_boots":1,"minecraft:chainmail_chestplate":1,"nefdecomod:meal_02":1,"minecraft:arrow":8,"minecraft:wooden_pickaxe":2,"minecraft:stone_pickaxe":1}},"DataVersion":2586}