{"stats":{"minecraft:crafted":{"minecraft:oak_planks":24,"minecraft:crafting_table":1,"minecraft:stick":16,"minecraft:wooden_pickaxe":1,"minecraft:stone_pickaxe":1,"minecraft:stone_sword":1,"minecraft:stone_axe":1},"minecraft:killed_by":{"minecraft:husk":1,"minecraft:skeleton":5,"minecraft:creeper":1},"minecraft:mined":{"minecraft:hay_block":8,"minecraft:andesite":4,"nefdecomod:meal_01":3,"minecraft:brewing_stand":1,"minecraft:crafting_table":1,"minecraft:grass":16,"minecraft:grass_block":7,"minecraft:oak_log":6,"nefdecomod:ravager_skull":1,"minecraft:lantern":2,"minecraft:dirt":9,"minecraft:cobblestone":1,"minecraft:stone":15},"minecraft:used":{"minecraft:stone_sword":11,"minecraft:lantern":1,"minecraft:grass_block":11,"minecraft:bread":6,"minecraft:stone_pickaxe":20,"minecraft:oak_planks":1,"nefdecomod:ravager_skull":1,"minecraft:wooden_pickaxe":5,"minecraft:item_frame":1,"betterendforge:glowing_pillar_luminophor":19,"minecraft:stone_axe":2,"minecraft:dirt":23,"minecraft:cobblestone":1,"minecraft:crafting_table":1,"nefdecomod:meal_01":2,"minecraft:andesite":4,"alexsmobs:animal_dictionary":1},"minecraft:dropped":{"alexsmobs:rattlesnake_rattle":1},"minecraft:picked_up":{"minecraft:iron_chestplate":2,"minecraft:stick":30,"minecraft:crafting_table":1,"minecraft:oak_door":2,"minecraft:andesite":4,"nefdecomod:coin":3,"minecraft:dandelion":1,"minecraft:gunpowder":5,"minecraft:oak_log":10,"minecraft:brewing_stand":3,"minecraft:string":7,"minecraft:lantern":4,"minecraft:dirt":55,"nefdecomod:ravager_skull":4,"minecraft:item_frame":3,"minecraft:stone_sword":2,"minecraft:stone_axe":2,"minecraft:wheat_seeds":1,"minecraft:hay_block":8,"alexsmobs:rattlesnake_rattle":1,"minecraft:stone_pickaxe":1,"minecraft:bread":1,"nefdecomod:meal_01":5,"minecraft:oak_sapling":6,"minecraft:oak_planks":19,"minecraft:cobblestone":27},"minecraft:killed":{"nefdecomod:illager_lady_entity":1,"minecraft:villager":1},"minecraft:custom":{"minecraft:time_since_rest":607,"minecraft:sprint_one_cm":79506,"minecraft:damage_taken":1184,"minecraft:walk_one_cm":82039,"minecraft:mob_kills":4,"minecraft:drop":1,"minecraft:damage_dealt":894,"minecraft:talked_to_villager":2,"minecraft:interact_with_crafting_table":5,"minecraft:swim_one_cm":5842,"minecraft:fly_one_cm":269689,"minecraft:open_barrel":4,"minecraft:open_chest":7,"minecraft:play_one_minute":55962,"minecraft:crouch_one_cm":1476,"minecraft:deaths":8,"minecraft:sneak_time":883,"minecraft:walk_under_water_one_cm":1642,"minecraft:jump":585,"minecraft:leave_game":4,"minecraft:time_since_death":5167,"minecraft:walk_on_water_one_cm":3669,"minecraft:sleep_in_bed":1,"minecraft:interact_with_smoker":1,"minecraft:climb_one_cm":532,"minecraft:fall_one_cm":18434}},"DataVersion":2586}