{"stats":{"minecraft:crafted":{"minecraft:oak_planks":92,"minecraft:furnace":1,"minecraft:cooked_mutton":1,"minecraft:iron_axe":1,"minecraft:stone_pickaxe":3,"minecraft:wheat":153,"minecraft:crafting_table":4,"minecraft:wooden_pickaxe":2,"minecraft:iron_helmet":1,"minecraft:iron_sword":1,"minecraft:stone_axe":2,"minecraft:bread":53,"minecraft:air":0,"minecraft:iron_chestplate":2,"minecraft:diamond_pickaxe":1,"minecraft:shield":1,"minecraft:stick":52,"minecraft:iron_ingot":36,"minecraft:iron_pickaxe":3,"minecraft:wooden_axe":1,"minecraft:stone_sword":1,"minecraft:acacia_planks":32,"minecraft:torch":40,"minecraft:diamond_chestplate":1},"minecraft:dropped":{"minecraft:iron_sword":1,"minecraft:wheat_seeds":1,"minecraft:oak_log":2,"minecraft:cobblestone":49,"alexsmobs:rattlesnake_rattle":1,"minecraft:granite":2,"extcaves:dirtstone_cobble":1,"minecraft:diorite":1,"minecraft:sand":12,"minecraft:string":2,"minecraft:dandelion":1,"minecraft:bone":1,"minecraft:gravel":1,"minecraft:wheat":1,"extcaves:pebble_stone":3,"minecraft:rotten_flesh":11,"minecraft:oak_planks":4,"alexsmobs:guster_eye":1,"minecraft:stone_bricks":2,"minecraft:arrow":4},"minecraft:killed":{"mowziesmobs:barakoan_barakoana":2,"minecraft:skeleton":3,"alexsmobs:centipede_head":1,"minecraft:pillager":7,"minecraft:zombie":4,"nefdecomod:illager_lady_entity":1,"minecraft:villager":1},"minecraft:picked_up":{"minecraft:wooden_axe":19,"minecraft:wheat":1,"minecraft:crafting_table":12,"minecraft:iron_chestplate":8,"minecraft:wooden_pickaxe":2,"minecraft:brewing_stand":3,"minecraft:shield":4,"minecraft:string":29,"minecraft:iron_axe":8,"minecraft:iron_leggings":11,"minecraft:item_frame":3,"extcaves:sedimentstone":147,"minecraft:iron_pickaxe":3,"minecraft:iron_boots":10,"minecraft:furnace":4,"minecraft:dark_oak_door":4,"nefdecomod:cage_top":8,"minecraft:stick":82,"extcaves:dirtstone_cobble":29,"minecraft:oak_door":2,"minecraft:acacia_log":8,"minecraft:torch":114,"extcaves:lavastone":29,"minecraft:green_bed":2,"minecraft:diorite":223,"minecraft:redstone":22,"minecraft:dark_oak_planks":8,"minecraft:stone_sword":2,"minecraft:arrow":11,"minecraft:cactus":1,"minecraft:rotten_flesh":25,"minecraft:hay_block":18,"extcaves:pebble_stone":6,"minecraft:gold_ingot":49,"nefdecomod:meal_01":5,"minecraft:obsidian":28,"minecraft:mutton":1,"minecraft:cobblestone":1690,"biomesoplenty:black_sandstone":3,"minecraft:andesite":13,"nefdecomod:coin":3,"mowziesmobs:barakoa_mask_fury":11,"minecraft:flint":1,"minecraft:oak_log":29,"minecraft:gunpowder":10,"minecraft:lapis_lazuli":196,"minecraft:dirt":264,"minecraft:lantern":4,"minecraft:white_banner":2,"mowziesmobs:barakoa_mask_rage":2,"minecraft:bone":1,"minecraft:acacia_planks":28,"minecraft:apple":73,"minecraft:stone_bricks":7,"minecraft:wheat_seeds":23,"minecraft:stone_pickaxe":9,"minecraft:iron_ingot":24,"minecraft:iron_ore":75,"minecraft:iron_sword":7,"minecraft:oak_planks":103,"minecraft:dandelion":15,"minecraft:gravel":3,"minecraft:sand":18,"minecraft:gold_ore":59,"alexsmobs:animal_dictionary":4,"minecraft:dark_oak_log":20,"nefdecomod:salt_item":5,"nefdecomod:ravager_skull":4,"alexsmobs:guster_eye":2,"minecraft:diamond":22,"minecraft:stone_axe":7,"minecraft:granite":2,"minecraft:iron_helmet":9,"alexsmobs:rattlesnake_rattle":1,"minecraft:crossbow":4,"minecraft:bread":125,"minecraft:oak_sapling":14,"minecraft:coal":164,"minecraft:diamond_pickaxe":6},"minecraft:broken":{"minecraft:stone_pickaxe":1,"minecraft:iron_pickaxe":2},"minecraft:mined":{"minecraft:diamond_ore":11,"minecraft:brewing_stand":1,"minecraft:granite":6,"minecraft:acacia_log":7,"minecraft:grass_block":13,"minecraft:redstone_wire":1,"extcaves:rock_flint":1,"minecraft:hay_block":18,"extcaves:oldstone":67,"minecraft:redstone_ore":5,"minecraft:furnace":3,"extcaves:sedimentstone":21,"minecraft:iron_ore":53,"minecraft:andesite":12,"nefdecomod:meal_01":3,"nefdecomod:ravager_skull":1,"minecraft:lantern":2,"nefdecomod:cage_top":1,"minecraft:stone":556,"minecraft:green_bed":1,"extcaves:lavastone":20,"minecraft:acacia_leaves":2,"extcaves:rock_stalactite_tall_lavastone":2,"minecraft:dandelion":1,"minecraft:crafting_table":10,"biomesoplenty:black_sandstone":3,"minecraft:tall_grass":8,"minecraft:cobblestone":5,"minecraft:lapis_ore":8,"minecraft:diorite":58,"minecraft:wall_torch":1,"extcaves:dirtstone":32,"minecraft:wheat":2,"extcaves:brokenstone":4,"minecraft:grass":37,"minecraft:oak_log":25,"minecraft:coal_ore":33,"minecraft:gravel":3,"minecraft:dirt":23,"minecraft:stone_bricks":1,"nefdecomod:salt_block":1,"minecraft:gold_ore":16,"minecraft:oak_leaves":43},"minecraft:custom":{"minecraft:mob_kills":24,"minecraft:interact_with_crafting_table":25,"minecraft:open_barrel":4,"minecraft:leave_game":10,"minecraft:time_since_death":5563,"minecraft:climb_one_cm":532,"minecraft:sprint_one_cm":349251,"minecraft:walk_one_cm":371641,"minecraft:damage_blocked_by_shield":305,"minecraft:drop":49,"minecraft:talked_to_villager":2,"minecraft:sneak_time":8214,"minecraft:deaths":23,"minecraft:walk_under_water_one_cm":15067,"minecraft:jump":2504,"minecraft:walk_on_water_one_cm":29828,"minecraft:interact_with_furnace":27,"minecraft:play_one_minute":190281,"minecraft:sleep_in_bed":8,"minecraft:time_since_rest":5620,"minecraft:damage_taken":5196,"minecraft:damage_dealt":5147,"minecraft:player_kills":2,"minecraft:swim_one_cm":29775,"minecraft:fly_one_cm":751227,"minecraft:open_chest":8,"minecraft:crouch_one_cm":13791,"minecraft:interact_with_smoker":1,"minecraft:fall_one_cm":67503},"minecraft:used":{"minecraft:stone_sword":11,"minecraft:redstone":10,"minecraft:shield":10,"minecraft:iron_sword":72,"nefdecomod:ravager_skull":1,"minecraft:rotten_flesh":3,"minecraft:torch":10,"minecraft:dirt":51,"biomesoplenty:black_sandstone":3,"minecraft:wooden_axe":1,"minecraft:lantern":1,"minecraft:iron_axe":20,"minecraft:grass_block":11,"betterendforge:glowing_pillar_luminophor":19,"minecraft:item_frame":1,"minecraft:hay_block":1,"minecraft:oak_sapling":2,"minecraft:furnace":3,"minecraft:cooked_mutton":1,"minecraft:diorite":1,"minecraft:stone_pickaxe":167,"minecraft:oak_planks":1,"minecraft:cactus":1,"minecraft:wooden_pickaxe":19,"minecraft:crafting_table":10,"nefdecomod:meal_01":2,"minecraft:diamond_pickaxe":64,"minecraft:apple":9,"minecraft:bread":26,"minecraft:iron_pickaxe":696,"minecraft:stone_axe":22,"minecraft:cobblestone":97,"extcaves:lavastone":5,"minecraft:andesite":7,"alexsmobs:animal_dictionary":1},"minecraft:killed_by":{"minecraft:husk":1,"minecraft:player":2,"minecraft:creeper":5,"alexsmobs:guster":1,"minecraft:skeleton":8,"minecraft:zombie":1,"mowziesmobs:barakoana":1}},"DataVersion":2586}