{"stats":{"minecraft:mined":{"minecraft:diamond_ore":11,"minecraft:brewing_stand":1,"minecraft:granite":2,"minecraft:grass_block":12,"minecraft:hay_block":18,"extcaves:oldstone":61,"minecraft:redstone_ore":5,"minecraft:furnace":2,"extcaves:sedimentstone":21,"minecraft:iron_ore":39,"minecraft:andesite":10,"nefdecomod:meal_01":3,"nefdecomod:ravager_skull":1,"minecraft:lantern":2,"minecraft:stone":393,"minecraft:green_bed":1,"extcaves:lavastone":20,"extcaves:rock_stalactite_tall_lavastone":2,"minecraft:dandelion":1,"minecraft:crafting_table":7,"minecraft:cobblestone":5,"minecraft:tall_grass":1,"minecraft:lapis_ore":8,"minecraft:diorite":41,"minecraft:wall_torch":1,"extcaves:dirtstone":2,"minecraft:wheat":2,"extcaves:brokenstone":4,"minecraft:grass":27,"minecraft:oak_log":23,"minecraft:coal_ore":28,"minecraft:gravel":1,"minecraft:dirt":16,"minecraft:gold_ore":16,"minecraft:oak_leaves":4},"minecraft:picked_up":{"minecraft:wooden_axe":4,"minecraft:crafting_table":8,"minecraft:iron_chestplate":3,"minecraft:wheat":1,"minecraft:wooden_pickaxe":2,"minecraft:brewing_stand":3,"minecraft:shield":1,"minecraft:string":10,"minecraft:iron_leggings":3,"minecraft:item_frame":3,"extcaves:sedimentstone":42,"minecraft:iron_boots":3,"minecraft:furnace":3,"minecraft:stick":38,"extcaves:dirtstone_cobble":1,"minecraft:oak_door":2,"minecraft:torch":34,"extcaves:lavastone":13,"minecraft:green_bed":2,"minecraft:diorite":45,"minecraft:redstone":20,"minecraft:arrow":7,"minecraft:stone_sword":2,"minecraft:cactus":1,"minecraft:rotten_flesh":17,"minecraft:hay_block":18,"extcaves:pebble_stone":6,"nefdecomod:meal_01":5,"minecraft:obsidian":12,"minecraft:cobblestone":588,"minecraft:andesite":9,"nefdecomod:coin":3,"minecraft:oak_log":27,"minecraft:gunpowder":5,"minecraft:lapis_lazuli":98,"minecraft:dirt":67,"minecraft:lantern":4,"minecraft:bone":1,"minecraft:apple":1,"minecraft:wheat_seeds":3,"minecraft:stone_pickaxe":2,"minecraft:iron_ore":52,"minecraft:oak_planks":77,"minecraft:dandelion":2,"minecraft:gravel":1,"minecraft:sand":18,"minecraft:gold_ore":32,"nefdecomod:ravager_skull":4,"alexsmobs:guster_eye":2,"minecraft:diamond":22,"minecraft:stone_axe":3,"minecraft:iron_helmet":1,"alexsmobs:rattlesnake_rattle":1,"minecraft:granite":2,"minecraft:bread":92,"minecraft:oak_sapling":7,"minecraft:coal":54},"minecraft:killed":{"minecraft:skeleton":2,"alexsmobs:centipede_head":1,"minecraft:zombie":1,"nefdecomod:illager_lady_entity":1,"minecraft:villager":1},"minecraft:killed_by":{"minecraft:husk":1,"minecraft:player":1,"minecraft:creeper":2,"alexsmobs:guster":1,"minecraft:skeleton":6,"mowziesmobs:barakoana":1},"minecraft:custom":{"minecraft:mob_kills":8,"minecraft:interact_with_crafting_table":22,"minecraft:open_barrel":4,"minecraft:leave_game":7,"minecraft:time_since_death":7619,"minecraft:climb_one_cm":532,"minecraft:sprint_one_cm":206434,"minecraft:walk_one_cm":218913,"minecraft:damage_blocked_by_shield":60,"minecraft:drop":34,"minecraft:talked_to_villager":2,"minecraft:sneak_time":6796,"minecraft:deaths":13,"minecraft:walk_under_water_one_cm":1651,"minecraft:jump":1261,"minecraft:walk_on_water_one_cm":7373,"minecraft:interact_with_furnace":25,"minecraft:play_one_minute":124859,"minecraft:sleep_in_bed":2,"minecraft:time_since_rest":7653,"minecraft:damage_taken":2105,"minecraft:damage_dealt":1790,"minecraft:swim_one_cm":6327,"minecraft:fly_one_cm":575867,"minecraft:open_chest":8,"minecraft:crouch_one_cm":11410,"minecraft:interact_with_smoker":1,"minecraft:fall_one_cm":34127},"minecraft:used":{"minecraft:stone_sword":11,"minecraft:shield":3,"nefdecomod:ravager_skull":1,"minecraft:torch":8,"minecraft:dirt":34,"minecraft:wooden_axe":1,"minecraft:grass_block":11,"minecraft:lantern":1,"minecraft:iron_axe":4,"betterendforge:glowing_pillar_luminophor":19,"minecraft:item_frame":1,"minecraft:hay_block":1,"minecraft:oak_sapling":1,"minecraft:furnace":3,"minecraft:stone_pickaxe":166,"minecraft:oak_planks":1,"minecraft:cactus":1,"minecraft:wooden_pickaxe":19,"minecraft:crafting_table":8,"nefdecomod:meal_01":2,"minecraft:apple":3,"minecraft:bread":17,"minecraft:iron_pickaxe":501,"minecraft:stone_axe":22,"minecraft:cobblestone":63,"extcaves:lavastone":5,"minecraft:andesite":7,"alexsmobs:animal_dictionary":1},"minecraft:crafted":{"minecraft:oak_planks":80,"minecraft:furnace":1,"minecraft:iron_axe":1,"minecraft:stone_pickaxe":3,"minecraft:wheat":153,"minecraft:crafting_table":3,"minecraft:wooden_pickaxe":2,"minecraft:iron_helmet":1,"minecraft:iron_sword":1,"minecraft:stone_axe":2,"minecraft:bread":53,"minecraft:air":0,"minecraft:iron_chestplate":1,"minecraft:shield":1,"minecraft:stick":52,"minecraft:iron_ingot":36,"minecraft:iron_pickaxe":3,"minecraft:wooden_axe":1,"minecraft:stone_sword":1,"minecraft:torch":40},"minecraft:broken":{"minecraft:stone_pickaxe":1,"minecraft:iron_pickaxe":2},"minecraft:dropped":{"minecraft:wheat_seeds":1,"alexsmobs:rattlesnake_rattle":1,"minecraft:granite":2,"extcaves:dirtstone_cobble":1,"minecraft:diorite":1,"minecraft:sand":12,"minecraft:string":2,"minecraft:bone":1,"minecraft:gravel":1,"minecraft:wheat":1,"minecraft:rotten_flesh":9,"alexsmobs:guster_eye":1,"minecraft:arrow":4}},"DataVersion":2586}