{"stats":{"minecraft:crafted":{"minecraft:oak_planks":24,"minecraft:crafting_table":1,"minecraft:stick":16,"minecraft:wooden_pickaxe":1,"minecraft:stone_pickaxe":1,"minecraft:stone_sword":1,"minecraft:stone_axe":1},"minecraft:killed_by":{"minecraft:skeleton":3,"minecraft:creeper":1},"minecraft:mined":{"minecraft:andesite":4,"nefdecomod:meal_01":3,"minecraft:brewing_stand":1,"minecraft:crafting_table":1,"minecraft:grass":16,"minecraft:grass_block":6,"minecraft:oak_log":6,"minecraft:lantern":2,"minecraft:dirt":9,"minecraft:cobblestone":1,"minecraft:stone":15},"minecraft:used":{"minecraft:stone_sword":5,"minecraft:lantern":1,"minecraft:grass_block":11,"minecraft:bread":2,"minecraft:stone_pickaxe":19,"minecraft:oak_planks":1,"minecraft:wooden_pickaxe":5,"betterendforge:glowing_pillar_luminophor":19,"minecraft:stone_axe":2,"minecraft:dirt":21,"minecraft:cobblestone":1,"minecraft:crafting_table":1,"nefdecomod:meal_01":2,"minecraft:andesite":4,"alexsmobs:animal_dictionary":1},"minecraft:picked_up":{"minecraft:iron_chestplate":1,"minecraft:stick":17,"minecraft:crafting_table":1,"minecraft:oak_door":1,"minecraft:andesite":4,"nefdecomod:coin":2,"minecraft:dandelion":1,"minecraft:oak_log":8,"minecraft:brewing_stand":2,"minecraft:string":2,"minecraft:lantern":3,"minecraft:dirt":37,"nefdecomod:ravager_skull":1,"minecraft:item_frame":1,"minecraft:stone_sword":1,"minecraft:stone_axe":1,"minecraft:wheat_seeds":1,"minecraft:stone_pickaxe":1,"minecraft:bread":1,"nefdecomod:meal_01":4,"minecraft:oak_sapling":4,"minecraft:oak_planks":10,"minecraft:cobblestone":21},"minecraft:killed":{"nefdecomod:illager_lady_entity":1,"minecraft:villager":1},"minecraft:custom":{"minecraft:time_since_rest":546,"minecraft:sprint_one_cm":32897,"minecraft:damage_taken":747,"minecraft:walk_one_cm":62865,"minecraft:mob_kills":3,"minecraft:damage_dealt":568,"minecraft:talked_to_villager":1,"minecraft:interact_with_crafting_table":5,"minecraft:swim_one_cm":2018,"minecraft:fly_one_cm":112000,"minecraft:open_barrel":1,"minecraft:open_chest":5,"minecraft:play_one_minute":43962,"minecraft:crouch_one_cm":571,"minecraft:deaths":5,"minecraft:sneak_time":643,"minecraft:walk_under_water_one_cm":758,"minecraft:jump":249,"minecraft:leave_game":4,"minecraft:time_since_death":509,"minecraft:walk_on_water_one_cm":736,"minecraft:interact_with_smoker":1,"minecraft:climb_one_cm":532,"minecraft:fall_one_cm":8182}},"DataVersion":2586}