{"stats":{"minecraft:mined":{"minecraft:brewing_stand":1,"minecraft:crafting_table":1,"minecraft:grass_block":7,"minecraft:cobblestone":1,"minecraft:hay_block":9,"minecraft:andesite":4,"nefdecomod:meal_01":3,"minecraft:grass":25,"nefdecomod:ravager_skull":1,"minecraft:oak_log":10,"minecraft:lantern":2,"minecraft:dirt":9,"minecraft:stone":15,"minecraft:oak_leaves":2},"minecraft:picked_up":{"minecraft:iron_chestplate":2,"minecraft:crafting_table":1,"minecraft:wheat":1,"minecraft:andesite":4,"nefdecomod:coin":3,"minecraft:oak_log":14,"minecraft:brewing_stand":3,"minecraft:gunpowder":5,"minecraft:dirt":55,"minecraft:string":10,"minecraft:lantern":4,"minecraft:iron_leggings":1,"minecraft:item_frame":3,"minecraft:apple":1,"minecraft:wheat_seeds":1,"minecraft:stone_pickaxe":1,"minecraft:oak_planks":19,"minecraft:iron_boots":1,"minecraft:stick":30,"minecraft:oak_door":2,"minecraft:dandelion":1,"minecraft:sand":18,"nefdecomod:ravager_skull":4,"minecraft:stone_sword":2,"minecraft:arrow":6,"alexsmobs:guster_eye":2,"minecraft:rotten_flesh":13,"minecraft:stone_axe":2,"minecraft:hay_block":9,"alexsmobs:rattlesnake_rattle":1,"minecraft:bread":25,"nefdecomod:meal_01":5,"minecraft:oak_sapling":6,"minecraft:obsidian":4,"minecraft:cobblestone":27},"minecraft:killed":{"nefdecomod:illager_lady_entity":1,"minecraft:villager":1},"minecraft:killed_by":{"minecraft:husk":1,"alexsmobs:guster":1,"minecraft:skeleton":6,"minecraft:creeper":2},"minecraft:custom":{"minecraft:mob_kills":4,"minecraft:interact_with_crafting_table":6,"minecraft:open_barrel":4,"minecraft:play_one_minute":68896,"minecraft:leave_game":7,"minecraft:time_since_death":7821,"minecraft:sleep_in_bed":2,"minecraft:climb_one_cm":532,"minecraft:time_since_rest":7864,"minecraft:sprint_one_cm":137174,"minecraft:damage_taken":1675,"minecraft:walk_one_cm":110928,"minecraft:drop":26,"minecraft:damage_dealt":929,"minecraft:swim_one_cm":5842,"minecraft:talked_to_villager":2,"minecraft:fly_one_cm":516483,"minecraft:open_chest":8,"minecraft:crouch_one_cm":1476,"minecraft:deaths":11,"minecraft:sneak_time":928,"minecraft:walk_under_water_one_cm":1642,"minecraft:jump":863,"minecraft:walk_on_water_one_cm":4453,"minecraft:interact_with_smoker":1,"minecraft:fall_one_cm":27593},"minecraft:crafted":{"minecraft:oak_planks":40,"minecraft:crafting_table":2,"minecraft:wooden_pickaxe":1,"minecraft:stone_axe":1,"minecraft:bread":26,"minecraft:stick":28,"minecraft:stone_pickaxe":1,"minecraft:stone_sword":1,"minecraft:wheat":72},"minecraft:used":{"minecraft:stone_sword":11,"minecraft:stone_pickaxe":20,"minecraft:oak_planks":1,"minecraft:wooden_pickaxe":5,"nefdecomod:ravager_skull":1,"minecraft:dirt":23,"minecraft:crafting_table":1,"nefdecomod:meal_01":2,"minecraft:apple":3,"minecraft:lantern":1,"minecraft:grass_block":11,"minecraft:bread":9,"betterendforge:glowing_pillar_luminophor":19,"minecraft:item_frame":1,"minecraft:stone_axe":2,"minecraft:cobblestone":1,"minecraft:hay_block":1,"minecraft:andesite":4,"alexsmobs:animal_dictionary":1},"minecraft:dropped":{"minecraft:wheat":1,"minecraft:rotten_flesh":9,"alexsmobs:rattlesnake_rattle":1,"alexsmobs:guster_eye":1,"minecraft:arrow":3,"minecraft:sand":12,"minecraft:string":2}},"DataVersion":2586}