{"stats":{"minecraft:crafted":{"minecraft:oak_planks":92,"minecraft:furnace":2,"minecraft:cooked_mutton":1,"minecraft:iron_axe":1,"minecraft:stone_pickaxe":3,"minecraft:wheat":153,"minecraft:crafting_table":5,"minecraft:wooden_pickaxe":2,"minecraft:iron_helmet":1,"minecraft:iron_sword":1,"minecraft:stone_axe":2,"minecraft:bread":53,"minecraft:air":0,"minecraft:iron_chestplate":2,"minecraft:diamond_pickaxe":1,"minecraft:shield":2,"minecraft:stick":60,"minecraft:iron_ingot":42,"minecraft:iron_pickaxe":4,"minecraft:wooden_axe":1,"minecraft:stone_sword":1,"minecraft:acacia_planks":32,"minecraft:torch":40,"minecraft:diamond_chestplate":1},"minecraft:dropped":{"minecraft:iron_sword":1,"extcaves:lavastone":1,"minecraft:wheat_seeds":1,"minecraft:oak_log":2,"minecraft:cobblestone":49,"alexsmobs:rattlesnake_rattle":1,"minecraft:granite":2,"extcaves:dirtstone_cobble":1,"minecraft:diorite":1,"minecraft:sand":12,"minecraft:string":2,"minecraft:dandelion":1,"minecraft:bone":1,"minecraft:gravel":1,"minecraft:wheat":1,"extcaves:pebble_stone":3,"minecraft:rotten_flesh":11,"minecraft:oak_planks":4,"alexsmobs:guster_eye":1,"minecraft:stone_bricks":2,"minecraft:arrow":4},"minecraft:killed":{"mowziesmobs:barakoan_barakoana":2,"minecraft:spider":1,"minecraft:skeleton":3,"alexsmobs:centipede_head":1,"minecraft:pillager":7,"minecraft:zombie":5,"nefdecomod:illager_lady_entity":1,"minecraft:villager":1},"minecraft:picked_up":{"minecraft:wooden_axe":19,"minecraft:wheat":1,"minecraft:crafting_table":12,"minecraft:iron_chestplate":9,"minecraft:wooden_pickaxe":4,"minecraft:brewing_stand":3,"minecraft:shield":5,"minecraft:string":29,"minecraft:iron_axe":10,"minecraft:iron_leggings":11,"extcaves:pebble_lavastone":3,"minecraft:item_frame":3,"extcaves:sedimentstone":147,"minecraft:iron_pickaxe":6,"minecraft:iron_boots":13,"minecraft:furnace":4,"minecraft:dark_oak_door":4,"nefdecomod:cage_top":8,"minecraft:stick":82,"extcaves:dirtstone_cobble":30,"minecraft:oak_door":2,"minecraft:acacia_log":8,"minecraft:torch":114,"extcaves:lavastone":34,"minecraft:green_bed":2,"minecraft:diorite":224,"minecraft:redstone":36,"minecraft:dark_oak_planks":8,"minecraft:stone_sword":2,"minecraft:arrow":11,"minecraft:cactus":1,"minecraft:rotten_flesh":25,"minecraft:hay_block":18,"extcaves:pebble_stone":6,"minecraft:gold_ingot":49,"nefdecomod:meal_01":5,"minecraft:obsidian":28,"minecraft:mutton":1,"minecraft:cobblestone":1860,"biomesoplenty:black_sandstone":3,"minecraft:andesite":41,"nefdecomod:coin":3,"mowziesmobs:barakoa_mask_fury":11,"minecraft:flint":1,"minecraft:oak_log":29,"minecraft:gunpowder":10,"minecraft:lapis_lazuli":196,"minecraft:dirt":267,"minecraft:lantern":4,"minecraft:white_banner":2,"mowziesmobs:barakoa_mask_rage":3,"minecraft:bone":1,"minecraft:acacia_planks":28,"minecraft:apple":73,"minecraft:stone_bricks":7,"minecraft:wheat_seeds":23,"extcaves:plant_fiber":3,"minecraft:stone_pickaxe":9,"minecraft:iron_ingot":28,"minecraft:iron_ore":93,"minecraft:iron_sword":10,"minecraft:oak_planks":103,"minecraft:dandelion":15,"minecraft:gravel":4,"minecraft:sand":18,"minecraft:gold_ore":62,"alexsmobs:animal_dictionary":4,"minecraft:dark_oak_log":20,"nefdecomod:salt_item":5,"nefdecomod:ravager_skull":4,"alexsmobs:guster_eye":2,"minecraft:diamond":29,"minecraft:stone_axe":7,"minecraft:granite":5,"minecraft:iron_helmet":12,"alexsmobs:rattlesnake_rattle":1,"minecraft:crossbow":4,"minecraft:bread":125,"minecraft:oak_sapling":14,"minecraft:coal":168,"minecraft:diamond_pickaxe":6},"minecraft:broken":{"minecraft:stone_pickaxe":1,"minecraft:iron_pickaxe":4},"minecraft:mined":{"minecraft:diamond_ore":16,"minecraft:brewing_stand":1,"minecraft:granite":9,"minecraft:acacia_log":7,"minecraft:grass_block":13,"minecraft:redstone_wire":1,"extcaves:rock_flint":1,"minecraft:hay_block":18,"extcaves:oldstone":68,"minecraft:redstone_ore":9,"minecraft:furnace":3,"extcaves:sedimentstone":21,"minecraft:iron_ore":71,"minecraft:andesite":50,"nefdecomod:meal_01":3,"nefdecomod:ravager_skull":1,"minecraft:lantern":2,"nefdecomod:cage_top":1,"minecraft:stone":773,"minecraft:green_bed":1,"extcaves:lavastone":32,"minecraft:acacia_leaves":2,"extcaves:rock_stalactite_tall_lavastone":2,"minecraft:dandelion":1,"minecraft:crafting_table":10,"biomesoplenty:black_sandstone":3,"minecraft:tall_grass":8,"minecraft:cobblestone":7,"minecraft:lapis_ore":8,"minecraft:diorite":72,"minecraft:wall_torch":1,"extcaves:dirtstone":33,"minecraft:wheat":2,"extcaves:brokenstone":4,"minecraft:grass":37,"minecraft:oak_log":25,"minecraft:coal_ore":36,"minecraft:gravel":5,"minecraft:dirt":25,"minecraft:stone_bricks":1,"nefdecomod:salt_block":1,"minecraft:gold_ore":19,"minecraft:oak_leaves":43},"minecraft:custom":{"minecraft:mob_kills":29,"minecraft:interact_with_crafting_table":29,"minecraft:open_barrel":4,"minecraft:leave_game":13,"minecraft:time_since_death":18340,"minecraft:climb_one_cm":532,"minecraft:sprint_one_cm":373444,"minecraft:walk_one_cm":445203,"minecraft:damage_blocked_by_shield":495,"minecraft:drop":50,"minecraft:talked_to_villager":2,"minecraft:sneak_time":8761,"minecraft:deaths":26,"minecraft:walk_under_water_one_cm":15558,"minecraft:jump":2716,"minecraft:walk_on_water_one_cm":35999,"minecraft:interact_with_furnace":32,"minecraft:play_one_minute":218201,"minecraft:sleep_in_bed":8,"minecraft:time_since_rest":18403,"minecraft:damage_taken":6270,"minecraft:damage_dealt":6038,"minecraft:player_kills":2,"minecraft:swim_one_cm":45082,"minecraft:fly_one_cm":761512,"minecraft:open_chest":8,"minecraft:crouch_one_cm":14933,"minecraft:interact_with_smoker":1,"minecraft:fall_one_cm":70931},"minecraft:used":{"minecraft:stone_sword":11,"minecraft:redstone":10,"minecraft:shield":15,"minecraft:iron_sword":91,"nefdecomod:ravager_skull":1,"minecraft:rotten_flesh":3,"minecraft:torch":10,"minecraft:dirt":51,"biomesoplenty:black_sandstone":3,"minecraft:wooden_axe":1,"minecraft:lantern":1,"minecraft:iron_axe":20,"minecraft:grass_block":11,"betterendforge:glowing_pillar_luminophor":19,"minecraft:item_frame":1,"minecraft:hay_block":1,"minecraft:oak_sapling":2,"minecraft:furnace":4,"minecraft:cooked_mutton":1,"minecraft:diorite":1,"minecraft:stone_pickaxe":167,"minecraft:oak_planks":1,"minecraft:cactus":1,"minecraft:wooden_pickaxe":40,"minecraft:crafting_table":11,"nefdecomod:meal_01":2,"minecraft:diamond_pickaxe":64,"minecraft:apple":10,"minecraft:bread":26,"minecraft:iron_pickaxe":1002,"minecraft:stone_axe":22,"minecraft:cobblestone":126,"extcaves:lavastone":8,"minecraft:andesite":7,"alexsmobs:animal_dictionary":1},"minecraft:killed_by":{"minecraft:husk":1,"minecraft:player":3,"minecraft:creeper":7,"alexsmobs:guster":1,"minecraft:skeleton":8,"minecraft:zombie":1,"mowziesmobs:barakoana":1}},"DataVersion":2586}