{"stats":{"minecraft:killed_by":{"minecraft:skeleton":2},"minecraft:mined":{"minecraft:grass":10,"minecraft:grass_block":4,"minecraft:dirt":5},"minecraft:used":{"minecraft:dirt":8,"minecraft:grass_block":11,"alexsmobs:animal_dictionary":1,"betterendforge:glowing_pillar_luminophor":19},"minecraft:picked_up":{"minecraft:wheat_seeds":1,"minecraft:dandelion":1,"minecraft:dirt":8},"minecraft:custom":{"minecraft:time_since_rest":1328,"minecraft:crouch_one_cm":288,"minecraft:play_one_minute":31962,"minecraft:sprint_one_cm":14281,"minecraft:deaths":3,"minecraft:damage_taken":410,"minecraft:walk_one_cm":23149,"minecraft:sneak_time":594,"minecraft:walk_under_water_one_cm":758,"minecraft:mob_kills":1,"minecraft:jump":134,"minecraft:damage_dealt":250,"minecraft:leave_game":4,"minecraft:walk_on_water_one_cm":736,"minecraft:time_since_death":939,"minecraft:swim_one_cm":2018,"minecraft:fall_one_cm":5401,"minecraft:fly_one_cm":95080}},"DataVersion":2586}