{"stats":{"minecraft:crafted":{"minecraft:oak_planks":92,"minecraft:furnace":1,"minecraft:iron_axe":1,"minecraft:stone_pickaxe":3,"minecraft:wheat":153,"minecraft:crafting_table":3,"minecraft:wooden_pickaxe":2,"minecraft:iron_helmet":1,"minecraft:iron_sword":1,"minecraft:stone_axe":2,"minecraft:bread":53,"minecraft:air":0,"minecraft:iron_chestplate":1,"minecraft:diamond_pickaxe":1,"minecraft:shield":1,"minecraft:stick":52,"minecraft:iron_pickaxe":3,"minecraft:iron_ingot":36,"minecraft:wooden_axe":1,"minecraft:stone_sword":1,"minecraft:torch":40,"minecraft:diamond_chestplate":1},"minecraft:dropped":{"minecraft:wheat_seeds":1,"minecraft:oak_log":2,"minecraft:cobblestone":49,"alexsmobs:rattlesnake_rattle":1,"minecraft:granite":2,"extcaves:dirtstone_cobble":1,"minecraft:diorite":1,"minecraft:sand":12,"minecraft:string":2,"minecraft:dandelion":1,"minecraft:bone":1,"minecraft:gravel":1,"minecraft:wheat":1,"extcaves:pebble_stone":3,"minecraft:rotten_flesh":11,"minecraft:oak_planks":4,"alexsmobs:guster_eye":1,"minecraft:stone_bricks":2,"minecraft:arrow":4},"minecraft:killed":{"minecraft:skeleton":3,"alexsmobs:centipede_head":1,"minecraft:pillager":4,"minecraft:zombie":3,"nefdecomod:illager_lady_entity":1,"minecraft:villager":1},"minecraft:picked_up":{"minecraft:wooden_axe":9,"minecraft:crafting_table":10,"minecraft:iron_chestplate":3,"minecraft:wheat":1,"minecraft:wooden_pickaxe":2,"minecraft:brewing_stand":3,"minecraft:shield":3,"minecraft:string":11,"minecraft:iron_axe":3,"minecraft:iron_leggings":6,"minecraft:item_frame":3,"extcaves:sedimentstone":84,"minecraft:iron_pickaxe":1,"minecraft:iron_boots":3,"minecraft:furnace":4,"nefdecomod:cage_top":4,"minecraft:stick":54,"extcaves:dirtstone_cobble":1,"minecraft:oak_door":2,"minecraft:acacia_log":1,"minecraft:green_bed":2,"minecraft:torch":66,"extcaves:lavastone":21,"minecraft:diorite":108,"minecraft:redstone":22,"minecraft:arrow":9,"minecraft:stone_sword":2,"minecraft:cactus":1,"minecraft:rotten_flesh":20,"minecraft:hay_block":18,"extcaves:pebble_stone":6,"minecraft:gold_ingot":28,"nefdecomod:meal_01":5,"minecraft:obsidian":20,"minecraft:cobblestone":892,"minecraft:andesite":9,"nefdecomod:coin":3,"mowziesmobs:barakoa_mask_fury":4,"minecraft:oak_log":29,"minecraft:gunpowder":6,"minecraft:lapis_lazuli":196,"minecraft:dirt":119,"minecraft:lantern":4,"minecraft:white_banner":1,"minecraft:bone":1,"minecraft:apple":19,"minecraft:stone_bricks":3,"minecraft:wheat_seeds":6,"minecraft:iron_ingot":24,"minecraft:stone_pickaxe":5,"minecraft:iron_ore":52,"minecraft:iron_sword":3,"minecraft:oak_planks":103,"minecraft:dandelion":3,"minecraft:gravel":1,"minecraft:sand":18,"minecraft:dark_oak_log":4,"minecraft:gold_ore":59,"alexsmobs:animal_dictionary":4,"nefdecomod:ravager_skull":4,"alexsmobs:guster_eye":2,"minecraft:diamond":22,"minecraft:stone_axe":5,"minecraft:crossbow":4,"minecraft:iron_helmet":4,"alexsmobs:rattlesnake_rattle":1,"minecraft:granite":2,"minecraft:bread":125,"minecraft:oak_sapling":12,"minecraft:coal":106,"minecraft:diamond_pickaxe":3},"minecraft:broken":{"minecraft:stone_pickaxe":1,"minecraft:iron_pickaxe":2},"minecraft:mined":{"minecraft:diamond_ore":11,"minecraft:brewing_stand":1,"minecraft:granite":2,"minecraft:grass_block":12,"minecraft:redstone_wire":1,"minecraft:hay_block":18,"extcaves:oldstone":61,"minecraft:redstone_ore":5,"minecraft:furnace":3,"extcaves:sedimentstone":21,"minecraft:iron_ore":39,"minecraft:andesite":10,"nefdecomod:meal_01":3,"nefdecomod:ravager_skull":1,"minecraft:lantern":2,"nefdecomod:cage_top":1,"minecraft:stone":393,"minecraft:green_bed":1,"extcaves:lavastone":20,"extcaves:rock_stalactite_tall_lavastone":2,"minecraft:dandelion":1,"minecraft:crafting_table":9,"minecraft:tall_grass":6,"minecraft:cobblestone":5,"minecraft:lapis_ore":8,"minecraft:diorite":41,"minecraft:wall_torch":1,"extcaves:dirtstone":2,"minecraft:wheat":2,"extcaves:brokenstone":4,"minecraft:grass":34,"minecraft:oak_log":25,"minecraft:coal_ore":28,"minecraft:gravel":1,"minecraft:dirt":16,"minecraft:stone_bricks":1,"minecraft:gold_ore":16,"minecraft:oak_leaves":43},"minecraft:custom":{"minecraft:mob_kills":17,"minecraft:interact_with_crafting_table":24,"minecraft:open_barrel":4,"minecraft:leave_game":9,"minecraft:time_since_death":2937,"minecraft:climb_one_cm":532,"minecraft:sprint_one_cm":271436,"minecraft:walk_one_cm":274574,"minecraft:damage_blocked_by_shield":180,"minecraft:drop":48,"minecraft:talked_to_villager":2,"minecraft:deaths":16,"minecraft:sneak_time":7527,"minecraft:walk_under_water_one_cm":4801,"minecraft:jump":1639,"minecraft:walk_on_water_one_cm":15317,"minecraft:interact_with_furnace":25,"minecraft:play_one_minute":154415,"minecraft:sleep_in_bed":7,"minecraft:time_since_rest":2992,"minecraft:damage_taken":3066,"minecraft:damage_dealt":3634,"minecraft:swim_one_cm":13021,"minecraft:fly_one_cm":652259,"minecraft:player_kills":1,"minecraft:open_chest":8,"minecraft:crouch_one_cm":11877,"minecraft:interact_with_smoker":1,"minecraft:fall_one_cm":41208},"minecraft:used":{"minecraft:stone_sword":11,"minecraft:redstone":10,"minecraft:shield":8,"minecraft:iron_sword":44,"nefdecomod:ravager_skull":1,"minecraft:torch":10,"minecraft:dirt":35,"minecraft:wooden_axe":1,"minecraft:lantern":1,"minecraft:iron_axe":8,"minecraft:grass_block":11,"betterendforge:glowing_pillar_luminophor":19,"minecraft:item_frame":1,"minecraft:hay_block":1,"minecraft:oak_sapling":2,"minecraft:furnace":3,"minecraft:diorite":1,"minecraft:stone_pickaxe":166,"minecraft:oak_planks":1,"minecraft:cactus":1,"minecraft:wooden_pickaxe":19,"minecraft:crafting_table":9,"nefdecomod:meal_01":2,"minecraft:diamond_pickaxe":2,"minecraft:apple":3,"minecraft:bread":26,"minecraft:iron_pickaxe":503,"minecraft:stone_axe":22,"minecraft:cobblestone":69,"extcaves:lavastone":5,"minecraft:andesite":7,"alexsmobs:animal_dictionary":1},"minecraft:killed_by":{"minecraft:husk":1,"minecraft:player":1,"minecraft:creeper":4,"alexsmobs:guster":1,"minecraft:skeleton":6,"minecraft:zombie":1,"mowziesmobs:barakoana":1}},"DataVersion":2586}