{"stats":{"minecraft:mined":{"extcaves:rock_stalactite_tall_lavastone":2,"minecraft:brewing_stand":1,"minecraft:crafting_table":6,"minecraft:granite":2,"minecraft:grass_block":11,"minecraft:cobblestone":5,"minecraft:lapis_ore":8,"minecraft:diorite":6,"minecraft:hay_block":9,"extcaves:oldstone":61,"extcaves:dirtstone":2,"minecraft:furnace":2,"extcaves:sedimentstone":21,"minecraft:iron_ore":31,"minecraft:andesite":5,"extcaves:brokenstone":4,"nefdecomod:meal_01":3,"minecraft:grass":26,"minecraft:coal_ore":28,"nefdecomod:ravager_skull":1,"minecraft:oak_log":20,"minecraft:lantern":2,"minecraft:gravel":1,"minecraft:dirt":16,"minecraft:stone":92,"minecraft:gold_ore":5,"minecraft:oak_leaves":4,"minecraft:green_bed":1},"minecraft:picked_up":{"minecraft:wooden_axe":2,"minecraft:iron_chestplate":2,"minecraft:crafting_table":6,"minecraft:wheat":1,"minecraft:andesite":5,"nefdecomod:coin":3,"minecraft:wooden_pickaxe":1,"minecraft:oak_log":24,"minecraft:brewing_stand":3,"minecraft:gunpowder":5,"minecraft:lapis_lazuli":49,"minecraft:dirt":67,"minecraft:string":10,"minecraft:lantern":4,"minecraft:iron_leggings":2,"minecraft:item_frame":3,"minecraft:bone":1,"minecraft:apple":1,"minecraft:wheat_seeds":2,"extcaves:sedimentstone":21,"minecraft:stone_pickaxe":1,"minecraft:iron_ore":28,"minecraft:oak_planks":59,"minecraft:iron_boots":2,"minecraft:furnace":2,"extcaves:dirtstone_cobble":1,"minecraft:stick":38,"minecraft:oak_door":2,"minecraft:green_bed":1,"minecraft:dandelion":1,"minecraft:gravel":1,"minecraft:sand":18,"minecraft:diorite":6,"minecraft:gold_ore":5,"nefdecomod:ravager_skull":4,"minecraft:stone_sword":2,"minecraft:arrow":7,"alexsmobs:guster_eye":2,"minecraft:rotten_flesh":15,"minecraft:stone_axe":2,"minecraft:hay_block":9,"alexsmobs:rattlesnake_rattle":1,"minecraft:granite":2,"extcaves:pebble_stone":3,"minecraft:bread":48,"nefdecomod:meal_01":5,"minecraft:oak_sapling":7,"minecraft:obsidian":8,"minecraft:coal":38,"minecraft:cobblestone":166},"minecraft:killed":{"minecraft:skeleton":1,"minecraft:zombie":1,"nefdecomod:illager_lady_entity":1,"alexsmobs:centipede_head":1,"minecraft:villager":1},"minecraft:killed_by":{"minecraft:husk":1,"alexsmobs:guster":1,"minecraft:player":1,"minecraft:skeleton":6,"minecraft:creeper":2},"minecraft:custom":{"minecraft:interact_with_furnace":19,"minecraft:mob_kills":7,"minecraft:interact_with_crafting_table":18,"minecraft:open_barrel":4,"minecraft:play_one_minute":100859,"minecraft:leave_game":7,"minecraft:time_since_death":24741,"minecraft:sleep_in_bed":2,"minecraft:climb_one_cm":532,"minecraft:time_since_rest":24786,"minecraft:sprint_one_cm":172663,"minecraft:damage_taken":1915,"minecraft:walk_one_cm":175153,"minecraft:drop":34,"minecraft:damage_dealt":1590,"minecraft:swim_one_cm":6327,"minecraft:talked_to_villager":2,"minecraft:fly_one_cm":530360,"minecraft:open_chest":8,"minecraft:crouch_one_cm":11410,"minecraft:deaths":12,"minecraft:sneak_time":6796,"minecraft:walk_under_water_one_cm":1651,"minecraft:jump":1062,"minecraft:walk_on_water_one_cm":6447,"minecraft:interact_with_smoker":1,"minecraft:fall_one_cm":28532},"minecraft:crafted":{"minecraft:oak_planks":80,"minecraft:crafting_table":3,"minecraft:iron_helmet":1,"minecraft:wooden_pickaxe":2,"minecraft:furnace":1,"minecraft:stone_axe":2,"minecraft:bread":26,"minecraft:air":0,"minecraft:iron_chestplate":1,"minecraft:shield":1,"minecraft:stick":40,"minecraft:iron_pickaxe":2,"minecraft:iron_ingot":20,"minecraft:wooden_axe":1,"minecraft:stone_pickaxe":3,"minecraft:stone_sword":1,"minecraft:torch":40,"minecraft:wheat":72},"minecraft:used":{"minecraft:stone_sword":11,"minecraft:stone_pickaxe":166,"minecraft:oak_planks":1,"minecraft:wooden_pickaxe":19,"nefdecomod:ravager_skull":1,"minecraft:torch":1,"minecraft:dirt":34,"minecraft:crafting_table":6,"nefdecomod:meal_01":2,"minecraft:wooden_axe":1,"minecraft:apple":3,"minecraft:lantern":1,"minecraft:grass_block":11,"minecraft:bread":12,"minecraft:iron_pickaxe":104,"betterendforge:glowing_pillar_luminophor":19,"minecraft:item_frame":1,"minecraft:stone_axe":17,"minecraft:cobblestone":59,"minecraft:hay_block":1,"minecraft:furnace":2,"minecraft:oak_sapling":1,"minecraft:andesite":5,"alexsmobs:animal_dictionary":1},"minecraft:dropped":{"minecraft:gravel":1,"minecraft:wheat_seeds":1,"minecraft:wheat":1,"minecraft:rotten_flesh":9,"alexsmobs:rattlesnake_rattle":1,"minecraft:granite":2,"extcaves:dirtstone_cobble":1,"minecraft:diorite":1,"alexsmobs:guster_eye":1,"minecraft:arrow":4,"minecraft:sand":12,"minecraft:string":2,"minecraft:bone":1},"minecraft:broken":{"minecraft:stone_pickaxe":1}},"DataVersion":2586}