{"stats":{"minecraft:used":{"alexsmobs:animal_dictionary":1,"betterendforge:glowing_pillar_luminophor":19,"minecraft:grass_block":11},"minecraft:picked_up":{"minecraft:dandelion":1},"minecraft:custom":{"minecraft:jump":18,"minecraft:time_since_rest":22807,"minecraft:damage_dealt":112,"minecraft:crouch_one_cm":261,"minecraft:play_one_minute":22807,"minecraft:walk_on_water_one_cm":656,"minecraft:leave_game":3,"minecraft:sprint_one_cm":2335,"minecraft:time_since_death":22807,"minecraft:walk_one_cm":10380,"minecraft:sneak_time":560,"minecraft:fly_one_cm":81786}},"DataVersion":2586}