{"stats":{"minecraft:mined":{"minecraft:brewing_stand":1,"minecraft:crafting_table":2,"minecraft:grass_block":11,"minecraft:cobblestone":1,"minecraft:hay_block":9,"minecraft:andesite":4,"nefdecomod:meal_01":3,"minecraft:grass":26,"nefdecomod:ravager_skull":1,"minecraft:oak_log":20,"minecraft:lantern":2,"minecraft:dirt":14,"minecraft:stone":15,"minecraft:oak_leaves":4,"minecraft:green_bed":1},"minecraft:picked_up":{"minecraft:wooden_axe":2,"minecraft:iron_chestplate":2,"minecraft:crafting_table":2,"minecraft:wheat":1,"minecraft:andesite":4,"nefdecomod:coin":3,"minecraft:wooden_pickaxe":1,"minecraft:oak_log":24,"minecraft:brewing_stand":3,"minecraft:gunpowder":5,"minecraft:dirt":65,"minecraft:string":10,"minecraft:lantern":4,"minecraft:iron_leggings":2,"minecraft:item_frame":3,"minecraft:apple":1,"minecraft:wheat_seeds":2,"minecraft:stone_pickaxe":1,"minecraft:oak_planks":59,"minecraft:iron_boots":2,"minecraft:stick":38,"minecraft:oak_door":2,"minecraft:green_bed":1,"minecraft:dandelion":1,"minecraft:sand":18,"nefdecomod:ravager_skull":4,"minecraft:stone_sword":2,"minecraft:arrow":6,"alexsmobs:guster_eye":2,"minecraft:rotten_flesh":13,"minecraft:stone_axe":2,"minecraft:hay_block":9,"alexsmobs:rattlesnake_rattle":1,"minecraft:bread":48,"nefdecomod:meal_01":5,"minecraft:oak_sapling":7,"minecraft:obsidian":8,"minecraft:cobblestone":27},"minecraft:killed":{"nefdecomod:illager_lady_entity":1,"minecraft:villager":1},"minecraft:killed_by":{"minecraft:husk":1,"alexsmobs:guster":1,"minecraft:player":1,"minecraft:skeleton":6,"minecraft:creeper":2},"minecraft:custom":{"minecraft:mob_kills":4,"minecraft:interact_with_crafting_table":7,"minecraft:open_barrel":4,"minecraft:play_one_minute":76859,"minecraft:leave_game":7,"minecraft:time_since_death":741,"minecraft:sleep_in_bed":2,"minecraft:climb_one_cm":532,"minecraft:time_since_rest":786,"minecraft:sprint_one_cm":149589,"minecraft:damage_taken":1752,"minecraft:walk_one_cm":123390,"minecraft:drop":26,"minecraft:damage_dealt":953,"minecraft:swim_one_cm":6327,"minecraft:talked_to_villager":2,"minecraft:fly_one_cm":525057,"minecraft:open_chest":8,"minecraft:crouch_one_cm":1476,"minecraft:deaths":12,"minecraft:sneak_time":928,"minecraft:walk_under_water_one_cm":1651,"minecraft:jump":924,"minecraft:walk_on_water_one_cm":6447,"minecraft:interact_with_smoker":1,"minecraft:fall_one_cm":27593},"minecraft:crafted":{"minecraft:oak_planks":80,"minecraft:crafting_table":2,"minecraft:wooden_pickaxe":2,"minecraft:stone_axe":1,"minecraft:bread":26,"minecraft:stick":28,"minecraft:wooden_axe":1,"minecraft:stone_pickaxe":1,"minecraft:stone_sword":1,"minecraft:wheat":72},"minecraft:used":{"minecraft:stone_sword":11,"minecraft:stone_pickaxe":20,"minecraft:oak_planks":1,"minecraft:wooden_pickaxe":13,"nefdecomod:ravager_skull":1,"minecraft:dirt":26,"minecraft:crafting_table":2,"nefdecomod:meal_01":2,"minecraft:wooden_axe":1,"minecraft:apple":3,"minecraft:lantern":1,"minecraft:grass_block":11,"minecraft:bread":9,"betterendforge:glowing_pillar_luminophor":19,"minecraft:item_frame":1,"minecraft:stone_axe":2,"minecraft:cobblestone":1,"minecraft:hay_block":1,"minecraft:oak_sapling":1,"minecraft:andesite":4,"alexsmobs:animal_dictionary":1},"minecraft:dropped":{"minecraft:wheat":1,"minecraft:rotten_flesh":9,"alexsmobs:rattlesnake_rattle":1,"alexsmobs:guster_eye":1,"minecraft:arrow":3,"minecraft:sand":12,"minecraft:string":2}},"DataVersion":2586}