{"stats":{"minecraft:crafted":{"minecraft:oak_planks":32,"minecraft:oak_sign":6,"minecraft:crafting_table":2,"minecraft:dark_oak_door":3,"minecraft:stick":8,"minecraft:wooden_axe":1,"minecraft:dark_oak_planks":32},"minecraft:dropped":{"minecraft:dark_oak_door":1,"minecraft:wheat_seeds":1,"minecraft:oak_planks":1,"minecraft:iron_boots":1,"minecraft:apple":55,"minecraft:acacia_log":1,"minecraft:dirt":11,"minecraft:iron_chestplate":1,"minecraft:mutton":8,"minecraft:wooden_axe":1,"minecraft:beetroot_seeds":14,"minecraft:iron_leggings":1,"minecraft:iron_axe":1,"minecraft:iron_pickaxe":1,"minecraft:dark_oak_planks":1,"minecraft:white_wool":5},"minecraft:killed":{"mowziesmobs:barakoan_barakoana":1,"minecraft:sheep":1,"minecraft:pillager":3,"alexsmobs:gazelle":1,"alexsmobs:fly":1},"minecraft:picked_up":{"minecraft:wooden_axe":7,"biomesoplenty:black_sandstone":3,"minecraft:crafting_table":12,"minecraft:iron_chestplate":6,"nefdecomod:rock_small":4,"mowziesmobs:barakoa_mask_fury":7,"minecraft:wooden_pickaxe":5,"minecraft:oak_log":12,"minecraft:string":3,"minecraft:dirt":123,"minecraft:white_banner":3,"minecraft:iron_axe":5,"minecraft:iron_leggings":7,"minecraft:bone":2,"minecraft:beetroot":6,"minecraft:acacia_planks":8,"minecraft:apple":191,"minecraft:wheat_seeds":30,"minecraft:stone_pickaxe":1,"extcaves:sedimentstone":21,"minecraft:iron_pickaxe":11,"minecraft:oak_planks":120,"minecraft:iron_boots":6,"minecraft:furnace":1,"minecraft:dark_oak_door":1,"nefdecomod:nopal":1,"minecraft:torch":263,"minecraft:acacia_log":1,"minecraft:dandelion":8,"minecraft:white_bed":2,"minecraft:redstone":2,"minecraft:lily_of_the_valley":6,"minecraft:dark_oak_log":14,"alexsmobs:animal_dictionary":1,"minecraft:dark_oak_planks":86,"minecraft:arrow":2,"minecraft:diamond_chestplate":1,"nefdecomod:log_3rest":1,"minecraft:beetroot_seeds":14,"minecraft:iron_helmet":5,"minecraft:crossbow":1,"minecraft:bread":93,"alexsmobs:maggot":2,"minecraft:dark_oak_wood":6,"minecraft:oak_sapling":1,"minecraft:obsidian":8,"mowziesmobs:barakoa_mask_misery":6,"minecraft:mutton":16,"minecraft:coal":6,"minecraft:white_wool":6,"minecraft:cobblestone":609},"minecraft:mined":{"minecraft:dark_oak_planks":4,"minecraft:white_bed":2,"nefdecomod:log_3rest":1,"minecraft:lily_of_the_valley":4,"minecraft:dark_oak_log":10,"minecraft:dandelion":1,"minecraft:crafting_table":1,"biomesoplenty:black_sandstone":6,"minecraft:dark_oak_wood":8,"minecraft:grass_block":5,"minecraft:tall_grass":5,"minecraft:cobblestone":8,"farmersdelight:wild_beetroots":7,"minecraft:furnace":1,"minecraft:dark_oak_door":1,"nefdecomod:wild_nopal":1,"minecraft:white_wall_banner":1,"minecraft:grass":65,"minecraft:oak_log":8,"minecraft:dirt":7,"nefdecomod:apples":1,"minecraft:acacia_planks":2,"minecraft:stone":11,"nefdecomod:log_3":1,"minecraft:oak_leaves":2},"minecraft:custom":{"minecraft:interact_with_furnace":2,"minecraft:mob_kills":8,"minecraft:interact_with_crafting_table":6,"minecraft:interact_with_cartography_table":1,"minecraft:open_barrel":1,"minecraft:play_one_minute":52557,"minecraft:leave_game":1,"minecraft:time_since_death":322,"minecraft:damage_resisted":105,"minecraft:time_since_rest":351,"minecraft:sprint_one_cm":133052,"minecraft:damage_taken":3316,"minecraft:walk_one_cm":100073,"minecraft:drop":104,"minecraft:damage_dealt":1967,"minecraft:swim_one_cm":88393,"minecraft:player_kills":1,"minecraft:fly_one_cm":264726,"minecraft:open_chest":3,"minecraft:crouch_one_cm":526,"minecraft:deaths":28,"minecraft:sneak_time":205,"minecraft:walk_under_water_one_cm":5700,"minecraft:jump":1446,"minecraft:walk_on_water_one_cm":8916,"minecraft:fall_one_cm":44311},"minecraft:killed_by":{"minecraft:player":13,"minecraft:skeleton":3,"minecraft:creeper":3,"minecraft:zombie":1,"minecraft:pillager":5,"mowziesmobs:barakoan_barakoana":1,"mowziesmobs:barakoana":1},"minecraft:used":{"minecraft:beetroot":1,"minecraft:redstone":1,"minecraft:oak_planks":23,"minecraft:oak_sign":3,"minecraft:torch":9,"minecraft:dirt":18,"minecraft:mutton":1,"minecraft:lily_of_the_valley":3,"minecraft:crafting_table":3,"minecraft:crossbow":1,"minecraft:dark_oak_door":3,"biomesoplenty:black_sandstone":3,"minecraft:wooden_axe":106,"minecraft:dark_oak_planks":27,"alexsmobs:maggot":2,"minecraft:apple":2,"minecraft:iron_axe":17,"minecraft:bread":3,"minecraft:iron_pickaxe":26,"nefdecomod:nopal":1,"nefdecomod:log_3rest":1,"nefdecomod:n_compass":2,"minecraft:cobblestone":83,"minecraft:acacia_planks":2,"minecraft:dandelion":1}},"DataVersion":2586}