{"stats":{"minecraft:crafted":{"minecraft:oak_planks":8,"minecraft:crafting_table":1,"minecraft:dark_oak_door":3,"minecraft:stick":4,"minecraft:wooden_axe":1,"minecraft:dark_oak_planks":32},"minecraft:dropped":{"minecraft:dark_oak_door":1,"minecraft:wheat_seeds":1,"minecraft:oak_planks":1,"minecraft:iron_boots":1,"minecraft:apple":55,"minecraft:acacia_log":1,"minecraft:dirt":11,"minecraft:iron_chestplate":1,"minecraft:mutton":8,"minecraft:wooden_axe":1,"minecraft:iron_leggings":1,"minecraft:iron_axe":1,"minecraft:iron_pickaxe":1,"minecraft:dark_oak_planks":1,"minecraft:white_wool":5},"minecraft:killed":{"mowziesmobs:barakoan_barakoana":1,"minecraft:sheep":1,"minecraft:pillager":2,"alexsmobs:gazelle":1,"alexsmobs:fly":1},"minecraft:picked_up":{"minecraft:wooden_axe":7,"biomesoplenty:black_sandstone":3,"minecraft:iron_chestplate":3,"minecraft:crafting_table":12,"nefdecomod:rock_small":4,"mowziesmobs:barakoa_mask_fury":7,"minecraft:wooden_pickaxe":5,"minecraft:oak_log":6,"minecraft:string":3,"minecraft:dirt":108,"minecraft:white_banner":3,"minecraft:iron_axe":2,"minecraft:iron_leggings":2,"minecraft:bone":1,"minecraft:apple":123,"minecraft:wheat_seeds":30,"minecraft:stone_pickaxe":1,"extcaves:sedimentstone":21,"minecraft:iron_pickaxe":7,"minecraft:oak_planks":96,"minecraft:iron_boots":2,"minecraft:dark_oak_door":1,"nefdecomod:nopal":1,"minecraft:torch":263,"minecraft:acacia_log":1,"minecraft:dandelion":7,"minecraft:white_bed":1,"minecraft:lily_of_the_valley":6,"minecraft:redstone":2,"minecraft:dark_oak_log":14,"alexsmobs:animal_dictionary":1,"minecraft:dark_oak_planks":86,"minecraft:arrow":1,"minecraft:diamond_chestplate":1,"nefdecomod:log_3rest":1,"minecraft:iron_helmet":1,"minecraft:crossbow":1,"minecraft:bread":93,"alexsmobs:maggot":2,"mowziesmobs:barakoa_mask_misery":1,"minecraft:oak_sapling":1,"minecraft:dark_oak_wood":6,"minecraft:obsidian":8,"minecraft:mutton":16,"minecraft:white_wool":6,"minecraft:cobblestone":598},"minecraft:mined":{"minecraft:dark_oak_planks":4,"minecraft:white_bed":1,"nefdecomod:log_3rest":1,"minecraft:lily_of_the_valley":4,"minecraft:dark_oak_log":10,"minecraft:crafting_table":1,"biomesoplenty:black_sandstone":6,"minecraft:dark_oak_wood":8,"minecraft:grass_block":1,"minecraft:tall_grass":5,"minecraft:cobblestone":8,"minecraft:dark_oak_door":1,"nefdecomod:wild_nopal":1,"minecraft:white_wall_banner":1,"minecraft:grass":63,"minecraft:oak_log":2,"minecraft:dirt":6,"nefdecomod:apples":1,"minecraft:stone":11,"nefdecomod:log_3":1,"minecraft:oak_leaves":2},"minecraft:custom":{"minecraft:interact_with_furnace":1,"minecraft:mob_kills":7,"minecraft:interact_with_crafting_table":4,"minecraft:interact_with_cartography_table":1,"minecraft:open_barrel":1,"minecraft:play_one_minute":40717,"minecraft:time_since_death":2945,"minecraft:damage_resisted":22,"minecraft:time_since_rest":3006,"minecraft:sprint_one_cm":98340,"minecraft:damage_taken":2674,"minecraft:walk_one_cm":74075,"minecraft:drop":90,"minecraft:damage_dealt":1542,"minecraft:swim_one_cm":88393,"minecraft:fly_one_cm":210643,"minecraft:player_kills":1,"minecraft:open_chest":3,"minecraft:crouch_one_cm":385,"minecraft:deaths":22,"minecraft:sneak_time":89,"minecraft:walk_under_water_one_cm":5700,"minecraft:jump":1040,"minecraft:walk_on_water_one_cm":8916,"minecraft:fall_one_cm":29501},"minecraft:killed_by":{"minecraft:player":10,"minecraft:skeleton":1,"minecraft:creeper":3,"minecraft:zombie":1,"minecraft:pillager":4,"mowziesmobs:barakoan_barakoana":1,"mowziesmobs:barakoana":1},"minecraft:used":{"minecraft:redstone":1,"minecraft:oak_planks":23,"minecraft:torch":9,"minecraft:dirt":7,"minecraft:mutton":1,"minecraft:lily_of_the_valley":3,"minecraft:crafting_table":2,"minecraft:crossbow":1,"minecraft:dark_oak_door":3,"minecraft:dark_oak_planks":27,"minecraft:wooden_axe":106,"alexsmobs:maggot":2,"minecraft:apple":2,"minecraft:bread":3,"minecraft:iron_pickaxe":25,"nefdecomod:log_3rest":1,"nefdecomod:nopal":1,"nefdecomod:n_compass":2,"minecraft:cobblestone":72,"minecraft:dandelion":1}},"DataVersion":2586}