{"stats":{"minecraft:dropped":{"minecraft:oak_planks":1},"minecraft:picked_up":{"minecraft:oak_log":2,"minecraft:apple":9,"minecraft:wheat_seeds":1,"minecraft:oak_planks":5,"minecraft:cobblestone":49},"minecraft:mined":{"minecraft:grass":1,"nefdecomod:apples":1},"minecraft:custom":{"minecraft:jump":45,"minecraft:open_chest":1,"minecraft:time_since_rest":3370,"minecraft:crouch_one_cm":273,"minecraft:play_one_minute":4717,"minecraft:deaths":1,"minecraft:sprint_one_cm":5967,"minecraft:damage_taken":113,"minecraft:time_since_death":3308,"minecraft:walk_one_cm":6495,"minecraft:sneak_time":37,"minecraft:drop":1,"minecraft:fall_one_cm":1240,"minecraft:fly_one_cm":8488},"minecraft:killed_by":{"minecraft:player":1}},"DataVersion":2586}