{"stats":{"minecraft:crafted":{"minecraft:oak_planks":32,"minecraft:oak_sign":6,"minecraft:crafting_table":2,"minecraft:flint_and_steel":1,"minecraft:dark_oak_door":3,"minecraft:stick":8,"minecraft:wooden_axe":1,"minecraft:acacia_planks":28,"minecraft:dark_oak_planks":32},"minecraft:dropped":{"minecraft:iron_ingot":4,"minecraft:dark_oak_door":1,"minecraft:wheat_seeds":1,"minecraft:cobblestone":23,"minecraft:iron_helmet":1,"minecraft:oak_planks":1,"minecraft:iron_boots":2,"minecraft:apple":55,"minecraft:acacia_log":1,"minecraft:dirt":13,"minecraft:shield":1,"mowziesmobs:barakoa_mask_rage":2,"minecraft:iron_chestplate":2,"minecraft:mutton":8,"minecraft:wooden_axe":1,"minecraft:beetroot_seeds":14,"minecraft:iron_leggings":2,"minecraft:iron_axe":2,"minecraft:iron_pickaxe":2,"minecraft:dark_oak_planks":1,"minecraft:white_wool":5},"minecraft:killed":{"mowziesmobs:barakoan_barakoana":1,"minecraft:sheep":1,"minecraft:pillager":3,"alexsmobs:gazelle":1,"alexsmobs:fly":1},"minecraft:picked_up":{"minecraft:wooden_axe":7,"biomesoplenty:black_sandstone":3,"minecraft:crafting_table":12,"minecraft:iron_chestplate":7,"minecraft:andesite":9,"nefdecomod:rock_small":4,"mowziesmobs:barakoa_mask_fury":7,"minecraft:wooden_pickaxe":5,"minecraft:flint":1,"minecraft:oak_log":12,"minecraft:shield":1,"minecraft:string":3,"minecraft:dirt":127,"minecraft:white_banner":3,"minecraft:iron_axe":7,"mowziesmobs:barakoa_mask_rage":2,"minecraft:iron_leggings":10,"minecraft:oak_sign":3,"minecraft:bone":3,"minecraft:beetroot":7,"minecraft:acacia_planks":35,"minecraft:apple":214,"minecraft:wheat_seeds":34,"minecraft:iron_ingot":4,"minecraft:stone_pickaxe":1,"extcaves:sedimentstone":21,"minecraft:iron_pickaxe":13,"minecraft:oak_planks":126,"minecraft:acacia_sapling":1,"minecraft:iron_boots":8,"minecraft:furnace":2,"minecraft:dark_oak_door":1,"minecraft:stick":8,"nefdecomod:nopal":1,"minecraft:torch":264,"minecraft:acacia_log":8,"minecraft:dandelion":9,"minecraft:diorite":15,"minecraft:white_bed":6,"minecraft:redstone":7,"minecraft:lily_of_the_valley":6,"minecraft:dark_oak_log":14,"alexsmobs:animal_dictionary":1,"minecraft:dark_oak_planks":86,"minecraft:arrow":3,"minecraft:diamond_chestplate":1,"nefdecomod:log_3rest":1,"minecraft:beetroot_seeds":14,"minecraft:iron_helmet":7,"minecraft:crossbow":1,"minecraft:bread":93,"alexsmobs:maggot":2,"minecraft:dark_oak_wood":6,"minecraft:oak_sapling":1,"minecraft:obsidian":8,"mowziesmobs:barakoa_mask_misery":7,"minecraft:mutton":16,"minecraft:coal":12,"minecraft:white_wool":6,"minecraft:cobblestone":696},"minecraft:mined":{"minecraft:dark_oak_planks":4,"minecraft:acacia_leaves":3,"minecraft:white_bed":6,"nefdecomod:log_3rest":1,"minecraft:lily_of_the_valley":4,"minecraft:dark_oak_log":10,"minecraft:dandelion":1,"minecraft:crafting_table":1,"biomesoplenty:black_sandstone":6,"minecraft:dark_oak_wood":8,"minecraft:acacia_log":8,"minecraft:grass_block":6,"minecraft:tall_grass":5,"minecraft:cobblestone":8,"farmersdelight:wild_beetroots":7,"minecraft:furnace":1,"minecraft:dark_oak_door":1,"nefdecomod:wild_nopal":1,"minecraft:white_wall_banner":1,"minecraft:grass":88,"minecraft:oak_log":9,"minecraft:dirt":9,"nefdecomod:apples":1,"minecraft:acacia_planks":16,"minecraft:stone":11,"nefdecomod:log_3":1,"minecraft:oak_leaves":3},"minecraft:custom":{"minecraft:interact_with_furnace":2,"minecraft:mob_kills":8,"minecraft:interact_with_crafting_table":6,"minecraft:interact_with_cartography_table":1,"minecraft:open_barrel":1,"minecraft:play_one_minute":65102,"minecraft:leave_game":2,"minecraft:time_since_death":0,"minecraft:sleep_in_bed":1,"minecraft:damage_resisted":143,"minecraft:time_since_rest":322,"minecraft:sprint_one_cm":161029,"minecraft:damage_taken":3499,"minecraft:walk_one_cm":129899,"minecraft:drop":118,"minecraft:damage_dealt":2108,"minecraft:swim_one_cm":88393,"minecraft:player_kills":2,"minecraft:fly_one_cm":343477,"minecraft:open_chest":6,"minecraft:crouch_one_cm":597,"minecraft:deaths":29,"minecraft:sneak_time":222,"minecraft:walk_under_water_one_cm":5700,"minecraft:jump":1885,"minecraft:walk_on_water_one_cm":8916,"minecraft:fall_one_cm":53901},"minecraft:killed_by":{"minecraft:player":14,"minecraft:skeleton":3,"minecraft:creeper":3,"minecraft:zombie":1,"minecraft:pillager":5,"mowziesmobs:barakoan_barakoana":1,"mowziesmobs:barakoana":1},"minecraft:used":{"minecraft:beetroot":1,"minecraft:diorite":8,"minecraft:redstone":1,"minecraft:oak_planks":23,"minecraft:oak_sign":3,"minecraft:torch":9,"minecraft:dirt":19,"minecraft:mutton":1,"minecraft:lily_of_the_valley":3,"minecraft:tnt":3,"minecraft:crafting_table":3,"minecraft:crossbow":1,"minecraft:white_bed":3,"minecraft:dark_oak_door":3,"biomesoplenty:black_sandstone":3,"minecraft:wooden_axe":106,"minecraft:dark_oak_planks":27,"alexsmobs:maggot":2,"minecraft:apple":7,"minecraft:iron_axe":58,"minecraft:bread":3,"minecraft:iron_pickaxe":26,"nefdecomod:nopal":1,"nefdecomod:log_3rest":1,"nefdecomod:n_compass":2,"minecraft:cobblestone":83,"minecraft:furnace":1,"minecraft:acacia_planks":46,"minecraft:dandelion":1}},"DataVersion":2586}