{"stats":{"minecraft:crafted":{"minecraft:oak_planks":8,"minecraft:crafting_table":1,"minecraft:stick":4,"minecraft:wooden_axe":1},"minecraft:dropped":{"minecraft:dirt":11,"minecraft:wheat_seeds":1,"minecraft:mutton":8,"minecraft:iron_boots":1,"minecraft:oak_planks":1,"minecraft:acacia_log":1,"minecraft:white_wool":5},"minecraft:killed":{"minecraft:sheep":1,"mowziesmobs:barakoan_barakoana":1,"minecraft:pillager":2},"minecraft:picked_up":{"minecraft:wooden_axe":3,"minecraft:crafting_table":4,"minecraft:iron_chestplate":1,"minecraft:wooden_pickaxe":2,"minecraft:torch":93,"nefdecomod:rock_small":4,"minecraft:dandelion":2,"minecraft:acacia_log":1,"mowziesmobs:barakoa_mask_fury":2,"minecraft:oak_log":6,"minecraft:redstone":1,"minecraft:dark_oak_log":8,"minecraft:dirt":38,"minecraft:white_banner":3,"minecraft:bone":1,"minecraft:arrow":1,"minecraft:diamond_chestplate":1,"minecraft:apple":34,"minecraft:wheat_seeds":12,"minecraft:crossbow":1,"extcaves:sedimentstone":21,"minecraft:bread":33,"minecraft:iron_pickaxe":2,"minecraft:mutton":10,"minecraft:obsidian":8,"minecraft:dark_oak_wood":1,"minecraft:oak_planks":51,"minecraft:iron_boots":1,"minecraft:white_wool":6,"minecraft:cobblestone":290},"minecraft:mined":{"minecraft:lily_of_the_valley":1,"minecraft:dark_oak_log":4,"minecraft:white_wall_banner":1,"minecraft:crafting_table":1,"minecraft:dark_oak_wood":3,"minecraft:grass":28,"minecraft:grass_block":1,"minecraft:oak_log":2,"minecraft:tall_grass":3,"nefdecomod:apples":1,"nefdecomod:log_3":1},"minecraft:custom":{"minecraft:time_since_rest":583,"minecraft:sprint_one_cm":43978,"minecraft:damage_taken":882,"minecraft:walk_one_cm":26651,"minecraft:mob_kills":4,"minecraft:drop":28,"minecraft:damage_dealt":881,"minecraft:swim_one_cm":23357,"minecraft:interact_with_cartography_table":1,"minecraft:interact_with_crafting_table":2,"minecraft:fly_one_cm":87872,"minecraft:open_barrel":1,"minecraft:open_chest":2,"minecraft:crouch_one_cm":273,"minecraft:play_one_minute":16717,"minecraft:deaths":7,"minecraft:sneak_time":61,"minecraft:walk_under_water_one_cm":3294,"minecraft:jump":388,"minecraft:walk_on_water_one_cm":3784,"minecraft:time_since_death":546,"minecraft:fall_one_cm":7985},"minecraft:killed_by":{"minecraft:player":2,"minecraft:creeper":2,"mowziesmobs:barakoana":1,"minecraft:zombie":1,"minecraft:pillager":1},"minecraft:used":{"minecraft:wooden_axe":49,"minecraft:apple":2,"minecraft:bread":3,"nefdecomod:n_compass":2,"minecraft:crafting_table":1,"minecraft:crossbow":1}},"DataVersion":2586}