{
  "farmersdelight:main/root": {
    "criteria": {
      "seeds": "2024-07-31 16:56:46 +0000"
    },
    "done": true
  },
  "minecraft:recipes/transportation/dark_oak_boat": {
    "criteria": {
      "in_water": "2024-07-31 19:08:36 +0000"
    },
    "done": true
  },
  "minecraft:recipes/building_blocks/acacia_planks": {
    "criteria": {
      "has_log": "2024-08-01 02:43:20 +0000"
    },
    "done": true
  },
  "minecraft:adventure/kill_a_mob": {
    "criteria": {
      "minecraft:spider": "2024-08-01 02:21:41 +0000"
    },
    "done": true
  },
  "cataclysm:root": {
    "criteria": {
      "custom_test_name": "2024-07-31 16:56:47 +0000"
    },
    "done": true
  },
  "minecraft:adventure/kill_all_mobs": {
    "criteria": {
      "minecraft:skeleton": "2024-08-01 02:30:45 +0000",
      "minecraft:spider": "2024-08-01 02:21:41 +0000",
      "minecraft:zombie": "2024-08-01 02:22:37 +0000"
    },
    "done": false
  },
  "biomesoplenty:recipes/transportation/umbran_boat": {
    "criteria": {
      "in_water": "2024-07-31 19:08:36 +0000"
    },
    "done": true
  },
  "biomesoplenty:recipes/transportation/willow_boat": {
    "criteria": {
      "in_water": "2024-07-31 19:08:36 +0000"
    },
    "done": true
  },
  "biomesoplenty:recipes/transportation/palm_boat": {
    "criteria": {
      "in_water": "2024-07-31 19:08:36 +0000"
    },
    "done": true
  },
  "valhelsia_structures:recipes/valhelsia_structures_main/acacia_post": {
    "criteria": {
      "has_item": "2024-08-01 02:43:20 +0000"
    },
    "done": true
  },
  "extcaves:caves/kill_a_skeleton_or_zombie": {
    "criteria": {
      "minecraft:zombie": "2024-08-01 02:22:37 +0000"
    },
    "done": true
  },
  "biomesoplenty:recipes/transportation/hellbark_boat": {
    "criteria": {
      "in_water": "2024-07-31 19:08:36 +0000"
    },
    "done": true
  },
  "biomesoplenty:recipes/transportation/jacaranda_boat": {
    "criteria": {
      "in_water": "2024-07-31 19:08:36 +0000"
    },
    "done": true
  },
  "minecraft:adventure/adventuring_time": {
    "criteria": {
      "minecraft:forest": "2024-07-31 16:57:13 +0000",
      "minecraft:desert": "2024-08-01 02:55:09 +0000",
      "minecraft:savanna_plateau": "2024-07-31 22:04:53 +0000",
      "minecraft:beach": "2024-07-31 16:56:47 +0000",
      "minecraft:river": "2024-08-01 02:52:58 +0000",
      "minecraft:wooded_hills": "2024-08-01 02:53:08 +0000",
      "minecraft:savanna": "2024-07-31 19:11:20 +0000",
      "minecraft:plains": "2024-07-31 19:10:02 +0000"
    },
    "done": false
  },
  "extcaves:caves/kill_a_skeleton": {
    "criteria": {
      "minecraft:skeleton": "2024-08-01 02:30:45 +0000"
    },
    "done": true
  },
  "minecraft:recipes/misc/charcoal": {
    "criteria": {
      "has_log": "2024-08-01 02:43:20 +0000"
    },
    "done": true
  },
  "biomesoplenty:recipes/transportation/magic_boat": {
    "criteria": {
      "in_water": "2024-07-31 19:08:36 +0000"
    },
    "done": true
  },
  "biomesoplenty:recipes/transportation/redwood_boat": {
    "criteria": {
      "in_water": "2024-07-31 19:08:36 +0000"
    },
    "done": true
  },
  "biomesoplenty:recipes/transportation/mahogany_boat": {
    "criteria": {
      "in_water": "2024-07-31 19:08:36 +0000"
    },
    "done": true
  },
  "minecraft:husbandry/root": {
    "criteria": {
      "consumed_item": "2024-07-31 22:03:23 +0000"
    },
    "done": true
  },
  "minecraft:recipes/transportation/birch_boat": {
    "criteria": {
      "in_water": "2024-07-31 19:08:36 +0000"
    },
    "done": true
  },
  "alexsmobs:alexsmobs/root": {
    "criteria": {
      "useitem": "2024-07-31 22:03:23 +0000"
    },
    "done": true
  },
  "minecraft:recipes/transportation/acacia_boat": {
    "criteria": {
      "in_water": "2024-07-31 19:08:36 +0000"
    },
    "done": true
  },
  "minecraft:recipes/transportation/oak_boat": {
    "criteria": {
      "in_water": "2024-07-31 19:08:36 +0000"
    },
    "done": true
  },
  "extcaves:caves/kill_a_zombie": {
    "criteria": {
      "minecraft:zombie": "2024-08-01 02:22:37 +0000"
    },
    "done": true
  },
  "minecraft:recipes/building_blocks/acacia_wood": {
    "criteria": {
      "has_log": "2024-08-01 02:43:20 +0000"
    },
    "done": true
  },
  "biomesoplenty:recipes/transportation/cherry_boat": {
    "criteria": {
      "in_water": "2024-07-31 19:08:36 +0000"
    },
    "done": true
  },
  "biomesoplenty:recipes/transportation/dead_boat": {
    "criteria": {
      "in_water": "2024-07-31 19:08:36 +0000"
    },
    "done": true
  },
  "improvedbackpacks:backpack": {
    "criteria": {
      "backpack": "2024-07-31 19:13:17 +0000"
    },
    "done": true
  },
  "minecraft:adventure/root": {
    "criteria": {
      "killed_something": "2024-08-01 02:21:41 +0000"
    },
    "done": true
  },
  "mowziesmobs:root": {
    "criteria": {
      "custom_test_name": "2024-07-31 16:56:47 +0000"
    },
    "done": true
  },
  "biomesoplenty:recipes/transportation/fir_boat": {
    "criteria": {
      "in_water": "2024-07-31 19:08:36 +0000"
    },
    "done": true
  },
  "minecraft:recipes/transportation/jungle_boat": {
    "criteria": {
      "in_water": "2024-07-31 19:08:36 +0000"
    },
    "done": true
  },
  "minecraft:recipes/transportation/spruce_boat": {
    "criteria": {
      "in_water": "2024-07-31 19:08:36 +0000"
    },
    "done": true
  },
  "DataVersion": 2586
}