{
  "farmersdelight:main/root": {
    "criteria": {
      "seeds": "2024-08-01 02:20:50 +0000"
    },
    "done": true
  },
  "minecraft:husbandry/root": {
    "criteria": {
      "consumed_item": "2024-08-01 02:23:11 +0000"
    },
    "done": true
  },
  "mowziesmobs:root": {
    "criteria": {
      "custom_test_name": "2024-08-01 02:20:50 +0000"
    },
    "done": true
  },
  "cataclysm:root": {
    "criteria": {
      "custom_test_name": "2024-08-01 02:20:50 +0000"
    },
    "done": true
  },
  "alexsmobs:alexsmobs/root": {
    "criteria": {
      "useitem": "2024-08-01 02:23:11 +0000"
    },
    "done": true
  },
  "minecraft:adventure/adventuring_time": {
    "criteria": {
      "minecraft:forest": "2024-08-01 02:20:50 +0000",
      "minecraft:savanna_plateau": "2024-08-01 02:21:07 +0000"
    },
    "done": false
  },
  "DataVersion": 2586
}